-0.174821, 0.006038, 0.002421, 738298000
-0.121235, 0.006203, 0.000109, 742548000
0.144353, 0.006235, 0.003026, 746481000
-0.054931, 0.007350, 0.002959, 750649000
-0.149175, 0.006823, -0.000599, 753948000
0.020818, 0.005925, -0.001052, 763059000
0.101993, 0.004852, -0.000042, 767919000
0.101466, 0.004934, 0.002068, 771402000
-0.005144, 0.004697, 0.001692, 782007000
0.050399, 0.004150, 0.002129, 785136000
0.117144, 0.004229, 0.004507, 788519000
0.014823, 0.003874, 0.004366, 791635000
-0.127407, 0.004945, 0.002780, 796154000
-0.613487, 0.005347, -0.009151, 801963000
0.136656, 0.007404, -0.004219, 810114000
-0.065974, 0.007783, -0.005083, 813413000
-0.005411, 0.007343, -0.005521, 818695000
0.092637, 0.007640, -0.003266, 822993000
0.286224, 0.007023, 0.001918, 826863000
0.039878, 0.020818, 0.016196, 830486000
0.087340, 0.020553, 0.017360, 835490000
-0.072862, 0.020967, 0.015961, 841464000
-0.223788, 0.022392, 0.012563, 846793000
0.131223, 0.023126, 0.015655, 851355000
-0.048370, 0.024168, 0.015396, 855753000
0.071872, 0.024071, 0.016430, 860130000
-0.097943, 0.023230, 0.013319, 864551000
-0.008027, 0.021290, 0.010990, 869970000
-0.039748, 0.019763, 0.008480, 874631000
-0.253638, 0.018928, 0.002419, 879022000
-0.079095, 0.017203, -0.000902, 883295000
0.002296, 0.016419, -0.001606, 888200000
-0.063152, 0.014854, -0.004371, 891681000
-0.163460, -0.004501, -0.026520, 896551000
0.101466, -0.005446, -0.024887, 901154000
0.151466, -0.006442, -0.022336, 905665000
0.027350, -0.007550, -0.022428, 909821000
0.176165, -0.008210, -0.019103, 914392000
0.133301, -0.009032, -0.016860, 917665000
-0.021096, -0.010031, -0.017924, 922918000
0.023541, -0.010546, -0.017599, 926904000
-0.152379, -0.012318, -0.022032, 931293000
0.088401, -0.014501, -0.021962, 935839000
-0.208844, -0.017197, -0.028342, 941837000
-0.155286, -0.020329, -0.033951, 946352000
0.055629, -0.022909, -0.034687, 949702000
0.002845, -0.025572, -0.036547, 954489000
-0.012992, -0.028812, -0.039250, 959058000
-0.072390, -0.031887, -0.042927, 963491000
-0.078590, -0.034621, -0.046320, 968032000
-0.122387, -0.038731, -0.051869, 972719000
-0.678627, -0.042033, -0.067640, 978203000
0.860770, -0.044980, -0.051959, 982750000
-0.148593, -0.047529, -0.056390, 986984000
-0.124534, -0.050611, -0.060773, 991526000
-0.159108, -0.054548, -0.066598, 997079000
0.112491, -0.057898, -0.066299, 1704000
-0.223749, -0.062718, -0.074172, 6252000
-0.088814, -0.067565, -0.079215, 10518000
0.112950, -0.072363, -0.080074, 15179000
-0.188070, -0.077180, -0.086954, 19535000
-0.127407, -0.082230, -0.092713, 23363000
0.027320, -0.088534, -0.096490, 27981000
0.020816, -0.093226, -0.098742, 30953000
-0.064280, -0.103710, -0.108327, 36101000
0.119265, -0.112071, -0.111968, 40468000
-0.143119, -0.123291, -0.123587, 46728000
0.070560, -0.130323, -0.126595, 50105000
-0.039441, -0.139399, -0.133747, 54884000
-0.161197, -0.145311, -0.140090, 59418000
-0.174821, -0.153523, -0.148833, 63742000
-0.123386, -0.160481, -0.155142, 68326000
-0.182786, -0.165139, -0.160260, 72721000
-0.010622, -0.172021, -0.164012, 77123000
-0.015936, -0.178446, -0.167346, 81580000
-0.161035, -0.115894, -0.105919, 86014000
-1.159731, -0.126255, -0.137150, 90527000
-0.045238, -0.131974, -0.140916, 93664000
0.020816, -0.137945, -0.143533, 98468000
-0.193373, -0.142461, -0.148956, 102989000
-0.154123, -0.146440, -0.152958, 107607000
-0.059927, -0.148812, -0.153422, 110882000
-0.085956, -0.153817, -0.156977, 116133000
-0.076825, -0.158527, -0.159991, 120514000
-0.163116, -0.161970, -0.163427, 123762000
0.071339, -0.164611, -0.161320, 129093000
-0.095062, -0.165049, -0.160424, 133533000
-0.154705, -0.165829, -0.161074, 137992000
0.020816, -0.165698, -0.157307, 141378000
-0.240259, -0.164260, -0.157557, 147861000
-0.027265, -0.164076, -0.154772, 151263000
-0.145106, -0.163741, -0.154249, 156113000
0.011047, -0.162781, -0.150003, 160440000
-0.180445, -0.159512, -0.147408, 165043000
-0.296069, -0.156703, -0.147628, 168616000
-0.069020, -0.155739, -0.145111, 173655000
-0.033058, -0.153500, -0.140677, 178164000
-0.045573, -0.150913, -0.136240, 182563000
-0.161368, -0.147420, -0.133318, 187483000
0.030064, -0.142936, -0.125657, 191899000
-0.182048, -0.139853, -0.123763, 196541000
-0.139893, -0.134497, -0.118837, 202065000
0.024647, -0.129830, -0.111394, 206594000
-0.204044, -0.123579, -0.107121, 211021000
-0.185583, -0.115219, -0.100497, 216756000
-0.033614, -0.108983, -0.093048, 222239000
-0.080852, -0.104915, -0.088817, 227515000
-0.093935, -0.101054, -0.085136, 232071000
-0.065535, -0.101014, -0.084705, 236906000
-0.180122, -0.099011, -0.084650, 241854000
-0.224348, -0.094350, -0.082876, 246818000
-0.168154, -0.086116, -0.076512, 253689000
0.013265, -0.074314, -0.063151, 258477000
0.389351, -0.069680, -0.049560, 264608000
-0.063289, -0.079152, -0.059117, 269403000
-0.118936, -0.084403, -0.065459, 274357000
-0.123539, -0.085033, -0.067238, 279232000
-0.116067, -0.079837, -0.063123, 283926000
-0.029726, -0.071640, -0.054422, 290063000
-0.176940, -0.069407, -0.054683, 296029000
0.069450, -0.071119, -0.053879, 301024000
-0.280876, -0.072774, -0.060040, 305852000
-0.089358, -0.073155, -0.061001, 310427000
-0.162289, -0.074650, -0.064492, 315461000
-0.050612, -0.076322, -0.065852, 320337000
-0.069475, -0.076281, -0.065885, 325281000
-0.199955, -0.074319, -0.066643, 330745000
-0.094493, -0.073306, -0.066208, 335649000
-0.062588, -0.073341, -0.066170, 340612000
-0.088800, -0.074777, -0.068030, 345448000
-0.133955, -0.077073, -0.071598, 352146000
-0.169541, -0.077380, -0.073858, 355823000
0.013184, -0.078116, -0.072838, 360917000
-0.164986, -0.078626, -0.075181, 366093000
-0.094493, -0.079047, -0.075980, 369789000
-0.171885, -0.079017, -0.077868, 373466000
-0.257690, -0.080905, -0.083315, 378523000
-0.004859, -0.081479, -0.082308, 383562000
-0.289707, -0.082208, -0.087171, 388614000
-0.182333, -0.083464, -0.090305, 393612000
-0.048930, -0.085356, -0.091332, 398681000
-0.150340, -0.087124, -0.094245, 403620000
-0.002102, -0.088400, -0.093652, 408697000
-0.006516, -0.090041, -0.093517, 413708000
-0.048578, -0.091659, -0.094205, 418891000
0.042039, -0.092521, -0.092324, 423816000
0.057238, -0.094021, -0.090803, 428621000
-0.094507, -0.095853, -0.092672, 434213000
-0.276569, -0.097483, -0.097948, 439190000
-0.028313, -0.099126, -0.098166, 444209000
-0.089358, -0.100517, -0.099352, 447788000
-0.247592, -0.103193, -0.104939, 454956000
-0.090509, -0.104591, -0.106021, 458701000
-0.087093, -0.106935, -0.107940, 463915000
-0.007069, -0.108476, -0.107433, 467732000
-0.093935, -0.110329, -0.108978, 472695000
0.010994, -0.110964, -0.107202, 477615000
0.022445, -0.110468, -0.104123, 482589000
-0.141050, -0.110384, -0.104779, 486173000
-0.345240, -0.110421, -0.109624, 491297000
-0.242298, -0.110226, -0.112086, 496328000
0.096331, -0.110336, -0.108025, 501238000
-0.075691, -0.110517, -0.107556, 506059000
-0.104206, -0.110915, -0.107879, 510833000
0.031148, -0.111443, -0.105617, 516192000
0.138031, -0.112071, -0.101358, 521698000
-0.004728, -0.111392, -0.098761, 526904000
-0.223151, -0.111061, -0.100924, 531697000
-0.193373, -0.110070, -0.101802, 537324000
0.086809, -0.096454, -0.084686, 540900000
-0.279954, -0.096328, -0.088468, 546289000
0.021902, -0.117222, -0.106736, 551526000
-0.304645, -0.118178, -0.111632, 556996000
-0.077460, -0.137629, -0.130010, 561890000
-0.130676, -0.136779, -0.129190, 566720000
-0.110919, -0.137168, -0.129207, 571392000
0.046349, -0.135632, -0.124190, 576068000
0.019728, -0.133867, -0.119582, 581437000
-0.074641, -0.131445, -0.116309, 586317000
-0.198698, -0.129499, -0.116050, 589905000
-0.018331, -0.124788, -0.109479, 595566000
-0.057926, -0.119930, -0.103688, 600657000
-0.077893, -0.119593, -0.102841, 605528000
-0.111011, -0.115078, -0.098580, 610498000
-0.002102, -0.112831, -0.094449, 615483000
-0.079720, -0.108992, -0.090392, 621690000
-0.182201, -0.103140, -0.086493, 628356000
-0.024192, -0.099843, -0.082016, 631925000
-0.115494, -0.094641, -0.077587, 637956000
0.002845, -0.092187, -0.073574, 641827000
-0.111011, -0.088349, -0.070561, 646708000
-0.091650, -0.083346, -0.066080, 652407000
-0.009837, -0.053980, -0.036177, 659100000
0.036553, -0.047397, -0.028271, 664144000
-0.074559, -0.041303, -0.023224, 669362000
-0.045573, -0.035573, -0.018055, 674144000
-0.121235, -0.024688, -0.009452, 679220000
0.001198, -0.013679, 0.001549, 684077000
0.265170, -0.005889, 0.014456, 689105000
-0.163698, 0.001426, 0.018062, 694071000
-0.074162, 0.009851, 0.024474, 699112000
-0.061607, 0.017460, 0.030210, 704122000
-0.035284, 0.022765, 0.034099, 708915000
0.079059, 0.028928, 0.041037, 713808000
0.026807, 0.034596, 0.046307, 718860000
0.154700, 0.040246, 0.054012, 723895000
0.086809, 0.044648, 0.058982, 728824000
0.001096, 0.048012, 0.061121, 733774000
0.050791, 0.054165, 0.066945, 739411000
0.078241, 0.060384, 0.073265, 744232000
0.001747, 0.070193, 0.081448, 750101000
0.079590, 0.080816, 0.091821, 756399000
-0.095129, 0.095731, 0.102699, 765323000
-0.015205, 0.103855, 0.108301, 769971000
-0.017779, 0.110615, 0.112405, 774169000
-0.082507, 0.115898, 0.113685, 777871000
0.075591, 0.123926, 0.120790, 782856000
0.099882, 0.130893, 0.127199, 787899000
0.099882, 0.135411, 0.131081, 792873000
0.161245, 0.136970, 0.133212, 797848000
0.218792, 0.138366, 0.136292, 802783000
0.085746, 0.140075, 0.136955, 806575000
0.179229, 0.139822, 0.137553, 811367000
0.119265, 0.139623, 0.136992, 816658000
0.856302, 0.136930, 0.148739, 821932000
0.098826, 0.134925, 0.145776, 826897000
0.182792, 0.131941, 0.143592, 831730000
0.184119, 0.127956, 0.140497, 836615000
0.075619, 0.125381, 0.136676, 842154000
0.161245, 0.122068, 0.133921, 847267000
-0.496653, 0.119606, 0.118897, 852088000
0.806480, 0.115208, 0.128338, 857104000
0.207730, 0.109707, 0.124535, 863724000
0.135485, 0.105589, 0.120719, 868771000
0.116050, 0.102230, 0.117333, 873614000
0.084576, 0.100630, 0.115110, 878499000
-0.049894, 0.098925, 0.110139, 883472000
-0.048724, 0.098660, 0.106702, 888490000
0.006055, 0.101056, 0.107037, 893316000
0.091219, 0.153126, 0.157750, 898375000
0.272196, 0.144573, 0.151657, 903272000
0.041499, 0.136996, 0.142028, 907078000
0.051868, 0.130760, 0.134113, 911805000
0.027894, 0.133574, 0.134746, 916994000
-0.019782, 0.138742, 0.136721, 921098000
-0.021096, 0.144319, 0.139030, 924807000
0.795308, 0.147709, 0.155478, 929481000
0.207366, 0.148837, 0.157621, 933698000
0.075331, 0.150828, 0.157926, 937475000
0.178208, 0.152455, 0.159926, 942667000
0.158814, 0.153904, 0.161324, 947078000
0.166488, 0.153993, 0.161515, 950875000
0.091934, 0.152932, 0.159083, 956041000
0.321369, 0.151400, 0.160828, 959696000
-0.617374, 0.150701, 0.144578, 966788000
0.169778, 0.151475, 0.145841, 970538000
-0.071168, 0.153105, 0.143099, 975279000
0.883274, 0.156242, 0.160976, 980905000
0.327229, 0.161304, 0.169261, 986045000
0.243954, 0.165625, 0.174991, 989698000
0.070521, 0.175833, 0.182905, 995027000
0.220302, 0.186223, 0.193835, 243000
0.011047, 0.195688, 0.199455, 5107000
0.225293, 0.207478, 0.211526, 10107000
0.208301, 0.220077, 0.223809, 14865000
0.270047, 0.227306, 0.231817, 18120000
0.221302, 0.237480, 0.241578, 23151000
2.535956, 0.242873, 0.292751, 28803000
0.313112, 0.250372, 0.300507, 32456000
0.037252, 0.261090, 0.305745, 37526000
0.083835, 0.272999, 0.312978, 42241000
0.284633, 0.280715, 0.319972, 48084000
0.279091, 0.287507, 0.325812, 53056000
0.407881, 0.290837, 0.330716, 57955000
0.381938, 0.294285, 0.335120, 62812000
0.272559, 0.299049, 0.338537, 69244000
0.272274, 0.303309, 0.341387, 74271000
0.313140, 0.307305, 0.344738, 77932000
0.322810, 0.310906, 0.347829, 83115000
0.220302, 0.315851, 0.350124, 88468000
0.132301, 0.324086, 0.353838, 93395000
0.240849, 0.330974, 0.358328, 97203000
0.376342, 0.341866, 0.369363, 102356000
0.101466, 0.351895, 0.373833, 106058000
0.272848, 0.364073, 0.383748, 109867000
0.222800, 0.380721, 0.396844, 114683000
0.021359, 0.399704, 0.407938, 119590000
0.448105, 0.415120, 0.423849, 124366000
0.363327, 0.429399, 0.436632, 129356000
0.372230, 0.442972, 0.448645, 134283000
0.561383, 0.451497, 0.459254, 137852000
0.296227, 0.461257, 0.465558, 142988000
0.354297, 0.467704, 0.469651, 146917000
0.085514, 0.484478, 0.478407, 152539000
0.091579, 0.495820, 0.481786, 157866000
0.570062, 0.497707, 0.485400, 161447000
0.483033, 0.499156, 0.486774, 167192000
0.496061, 0.507987, 0.495614, 174290000
0.422863, 0.520362, 0.506286, 179471000
0.561117, 0.534359, 0.521100, 184469000
0.287321, 0.543138, 0.525028, 189364000
0.614727, 0.552524, 0.536020, 192950000
0.406139, 0.552566, 0.533463, 198017000
0.336804, 0.570164, 0.546777, 201549000
0.590472, 0.590635, 0.567712, 206799000
0.461491, 0.605776, 0.580426, 210467000
0.532920, 0.697133, 0.669005, 215595000
1.159907, 0.751277, 0.731885, 220568000
0.579475, 0.800907, 0.777474, 224204000
0.325304, 0.899916, 0.865459, 229401000
0.542978, 1.006516, 0.963477, 233050000
3.841074, 1.086681, 1.099592, 238322000
1.345608, 1.104323, 1.121800, 241986000
0.835486, 1.125062, 1.136399, 247183000
1.016469, 1.140328, 1.148961, 251467000
1.003144, 1.155342, 1.160758, 256551000
1.137388, 1.164904, 1.169662, 259947000
1.221027, 1.174365, 1.179961, 264886000
1.183689, 1.181407, 1.186936, 269138000
1.274052, 1.190940, 1.198021, 275291000
1.005826, 1.196969, 1.200086, 279754000
1.499396, 1.213555, 1.222326, 283991000
1.164949, 1.221528, 1.228992, 288475000
1.083866, 1.228293, 1.232720, 292598000
1.129185, 1.235100, 1.237319, 297471000
1.132843, 1.241481, 1.241483, 301942000
1.258606, 1.246499, 1.246744, 306239000
0.975439, 1.252696, 1.247391, 310403000
0.996506, 1.277646, 1.266824, 326667000
1.323737, 1.278845, 1.269137, 329868000
1.221881, 1.278818, 1.268166, 333634000
1.319535, 1.280254, 1.270600, 339000000
1.336621, 1.281866, 1.273501, 342248000
1.461009, 1.283167, 1.278526, 346030000
1.268854, 1.289411, 1.284451, 355218000
1.049538, 1.292294, 1.282578, 358446000
1.212112, 1.295623, 1.284432, 364108000
1.297148, 1.295668, 1.284730, 369566000
1.336363, 1.297759, 1.287812, 375928000
1.284237, 1.297882, 1.287861, 379106000
1.320588, 1.302394, 1.292938, 384958000
1.305532, 1.308573, 1.299245, 389382000
1.400229, 1.314669, 1.307239, 392590000
1.198929, 1.325793, 1.315974, 397277000
1.167794, 1.340462, 1.327385, 401039000
1.056055, 1.346721, 1.328093, 405570000
1.367183, 1.351288, 1.333350, 408989000
1.215309, 1.358721, 1.338274, 413740000
1.090228, 1.366189, 1.340631, 418249000
1.372485, 1.379348, 1.354165, 422637000
1.389340, 1.384720, 1.360133, 426210000
1.371227, 1.392311, 1.367794, 430924000
1.447423, 1.397715, 1.374683, 434482000
1.419213, 1.407228, 1.384896, 439448000
1.480159, 1.414411, 1.393841, 443826000
1.492429, 1.419128, 1.400434, 447526000
1.253403, 1.423653, 1.401929, 452346000
1.507164, 1.429730, 1.409989, 457913000
1.414599, 1.433689, 1.413961, 462199000
1.242953, 1.439840, 1.416569, 466857000
1.391351, 1.446901, 1.422985, 471121000
1.508276, 1.456486, 1.434083, 475688000
1.512037, 1.473234, 1.452055, 482162000
1.347450, 1.489844, 1.466242, 486632000
1.438556, 1.508665, 1.484132, 491013000
1.168091, 1.537800, 1.506364, 495448000
1.255073, 1.574327, 1.537135, 499820000
1.572554, 1.609988, 1.572791, 504267000
1.430948, 1.653372, 1.612470, 508692000
2.070982, 1.681744, 1.649445, 514217000
2.268028, 1.724612, 1.703827, 519573000
1.671888, 1.774091, 1.751678, 523765000
1.609791, 1.826185, 1.799893, 529770000
2.383618, 1.855090, 1.839893, 534938000
1.891319, 1.902348, 1.887235, 540934000
2.995019, 1.927383, 1.933925, 545338000
1.616338, 1.933833, 1.933895, 549461000
2.222557, 1.969230, 1.974357, 554509000
1.841335, 2.038383, 2.039466, 562771000
1.325916, 2.086336, 2.072189, 567430000
2.510914, 2.131989, 2.125704, 570859000
3.073355, 2.202291, 2.213553, 575919000
1.775580, 2.280975, 2.281904, 581601000
2.321277, 2.338126, 2.338700, 585023000
2.245248, 2.442947, 2.439555, 589805000
3.583888, 2.539268, 2.556836, 594184000
-0.854154, 2.644876, 2.592112, 597784000
2.447421, 2.784162, 2.725719, 602440000
3.028361, 2.911289, 2.856356, 607175000
2.687597, 3.038101, 2.977257, 611592000
2.660772, 3.189332, 3.119133, 615959000
4.251735, 3.338372, 3.287845, 620338000
3.333528, 3.524956, 3.471611, 626072000
3.825042, 3.709831, 3.659857, 630537000
3.230931, 3.908607, 3.846079, 635256000
3.667606, 4.094766, 4.024946, 639583000
3.681563, 4.300842, 4.220033, 644087000
3.707552, 4.560412, 4.464162, 649570000
4.642877, 4.804492, 4.706934, 654824000
4.764390, 5.031266, 4.930322, 659423000
4.667213, 5.302998, 5.191357, 664599000
4.684861, 5.549510, 5.422808, 668992000
4.840178, 5.715621, 5.573946, 671937000
5.370806, 6.016859, 5.865095, 677212000
5.729695, 6.363913, 6.202500, 683257000
5.963569, 6.631000, 6.459467, 687939000
5.751578, 6.877919, 6.687291, 692395000
6.455661, 7.035916, 6.837495, 695337000
6.496764, 7.296209, 7.085768, 700507000
6.604629, 7.629320, 7.402593, 706582000
6.666572, 7.893984, 7.647243, 711394000
7.725184, 8.154594, 7.904202, 716056000
7.491708, 8.405965, 8.142295, 720341000
8.089317, 8.678946, 8.408756, 724832000
8.453580, 8.949153, 8.674456, 729192000
8.721684, 9.165652, 8.887569, 732752000
9.408245, 9.464361, 9.190718, 737615000
8.773948, 9.741875, 9.454346, 741913000
9.592846, 10.020846, 9.730509, 746555000
10.346918, 10.186249, 9.904932, 749509000
9.144615, 10.462961, 10.160904, 754691000
8.890640, 10.695420, 10.363309, 759022000
9.588941, 10.988279, 10.634824, 764182000
10.114026, 11.163860, 10.796478, 767197000
10.697172, 11.469702, 11.094217, 772254000
9.945042, 11.667853, 11.265423, 775370000
11.328845, 12.027711, 11.619351, 781595000
12.019947, 12.320169, 11.913973, 786780000
11.186234, 12.597044, 12.170755, 791217000
11.641322, 12.865700, 12.423450, 795857000
12.000711, 13.121147, 12.665334, 800408000
12.428877, 13.345888, 12.880851, 804630000
12.603708, 13.524570, 13.050416, 808095000
12.655005, 13.788091, 13.300759, 813408000
13.125051, 14.000245, 13.505157, 817901000
13.537202, 14.195346, 13.696997, 822279000
13.227124, 14.392300, 13.880614, 826682000
13.706825, 14.593541, 14.074355, 831204000
13.566612, 14.796781, 14.263374, 835646000
13.513770, 15.009486, 14.456834, 840033000
13.929185, 15.316690, 14.747341, 846377000
14.065331, 15.526275, 14.939094, 850780000
13.924693, 15.808245, 15.195136, 856451000
14.363927, 16.085632, 15.450353, 862035000
15.144931, 16.400597, 15.752911, 867930000
15.074100, 16.694542, 16.027401, 873345000
16.144791, 16.909536, 16.240444, 877789000
15.945127, 17.134697, 16.455196, 882344000
16.120523, 17.440678, 16.748363, 888383000
16.361654, 17.597258, 16.894077, 891834000
14.478165, 17.806047, 17.050375, 896780000
17.701651, 18.007320, 17.260649, 901427000
17.990904, 18.194319, 17.458511, 907389000
16.791111, 18.350353, 17.598078, 911871000
17.395910, 18.564096, 17.803503, 918719000
17.423164, 18.705132, 17.934111, 923567000
17.452326, 18.828669, 18.045542, 927961000
17.359667, 18.925381, 18.126602, 931399000
17.922760, 19.048689, 18.243368, 936301000
18.303581, 19.151628, 18.345453, 940613000
18.349361, 19.281582, 18.472887, 945125000
18.176971, 19.412966, 18.595724, 949569000
18.990900, 19.567482, 18.755054, 954196000
17.985775, 19.720798, 18.889921, 958725000
18.619923, 19.872368, 19.033060, 963127000
18.832027, 20.046347, 19.199539, 968292000
18.864866, 20.191341, 19.334938, 972682000
19.148310, 20.336718, 19.473675, 977317000
19.174154, 20.449453, 19.578167, 980767000
18.670795, 20.619604, 19.726767, 985471000
18.566824, 20.816835, 19.896854, 990478000
19.484608, 21.002670, 20.070728, 995013000
19.395311, 21.191734, 20.242504, 999307000
18.953297, 21.412691, 20.433258, 3940000
19.844250, 21.651215, 20.655231, 8749000
20.045547, 21.943298, 20.929281, 14222000
20.385288, 22.263985, 21.232674, 19886000
20.529219, 22.548504, 21.497433, 24636000
22.064779, 22.889322, 21.842783, 30222000
20.461182, 23.186392, 22.106279, 34696000
22.154367, 23.536631, 22.450476, 40295000
21.838238, 23.911951, 22.806046, 45941000
22.376644, 24.306341, 23.183960, 51500000
22.474113, 24.629726, 23.486681, 56002000
23.020359, 25.033129, 23.872690, 61813000
23.463879, 25.469687, 24.292341, 67408000
23.984554, 25.749260, 24.560167, 71273000
24.371897, 26.188974, 24.987322, 77022000
29.272589, 26.720438, 25.593861, 82696000
25.091814, 26.985790, 25.843866, 85488000
25.132832, 27.647743, 26.478361, 93719000
24.146042, 28.036022, 26.812229, 99306000
26.013651, 28.435993, 27.188231, 105079000
26.285694, 28.852825, 27.578674, 110948000
27.056871, 29.355648, 28.061005, 117892000
27.107874, 29.680990, 28.360779, 122242000
27.198965, 30.076490, 28.725134, 127226000
28.271765, 30.511795, 29.142666, 132600000
28.294834, 30.796963, 29.405174, 136037000
28.889166, 31.366068, 29.952578, 142765000
29.637634, 31.639824, 30.214560, 145965000
30.023180, 32.085186, 30.647190, 151023000
36.438675, 32.469692, 31.139835, 154461000
25.816961, 32.972569, 31.526196, 158997000
38.096905, 33.706829, 32.377186, 164213000
24.289669, 34.385822, 32.880852, 168804000
25.307817, 34.821674, 33.156528, 171959000
43.045044, 35.723194, 34.237789, 177606000
31.412640, 36.632912, 35.072811, 183007000
48.348347, 37.328911, 36.020405, 187732000
36.891834, 37.985493, 36.681282, 192123000
43.182426, 38.815174, 37.624393, 197213000
42.161766, 39.408028, 38.296139, 200970000
35.675270, 39.811512, 38.639137, 204114000
27.555416, 40.656364, 39.245419, 209299000
32.823608, 41.218544, 39.667919, 213950000
43.246990, 42.032188, 40.536873, 218458000
34.286446, 42.187775, 40.564342, 222835000
43.455196, 42.325321, 40.756954, 227578000
35.934212, 42.439747, 40.772636, 231025000
38.360146, 42.724674, 41.003616, 235709000
39.420033, 42.992706, 41.234619, 239973000
39.693127, 43.320332, 41.524860, 244535000
40.917606, 43.737820, 41.921856, 249947000
41.683083, 44.089947, 42.262165, 254528000
42.485138, 44.452732, 42.622154, 258915000
43.608139, 44.846207, 43.027477, 263356000
41.013294, 45.165401, 43.300007, 267832000
40.090305, 45.438267, 43.503223, 272058000
41.866436, 45.758839, 43.784649, 277465000
43.212578, 46.138100, 44.144882, 284704000
43.629238, 46.389053, 44.380505, 289745000
43.751709, 46.636684, 44.610607, 294665000
43.733280, 46.973049, 44.922699, 301544000
43.693111, 47.152710, 45.074177, 305246000
43.960377, 47.378162, 45.272846, 309990000
43.877548, 47.572594, 45.435486, 314350000
44.388474, 47.783867, 45.621593, 319287000
44.995209, 48.041283, 45.861332, 325445000
45.188652, 48.312595, 46.113766, 332400000
44.998512, 48.497803, 46.272964, 336556000
46.087685, 48.733883, 46.500618, 341814000
46.195129, 48.906895, 46.664062, 345608000
45.669395, 49.161636, 46.893818, 350862000
45.950527, 49.432587, 47.140484, 356229000
46.112389, 49.617817, 47.301449, 359851000
46.379139, 49.815350, 47.476585, 363593000
46.714436, 50.093399, 47.733829, 368708000
47.473244, 50.367203, 47.996948, 373735000
47.919456, 50.665039, 48.287277, 379335000
48.324078, 50.914341, 48.532330, 384416000
47.736820, 51.186909, 48.783535, 389358000
47.304985, 51.514095, 49.074608, 394372000
53.373692, 52.002529, 49.639256, 401089000
49.491821, 52.431015, 50.056225, 407440000
48.244743, 52.750561, 50.333149, 412368000
49.485226, 53.076748, 50.635853, 417362000
50.384319, 53.390114, 50.937923, 422236000
50.730919, 53.697346, 51.234871, 427202000
51.015263, 53.976765, 51.504311, 431868000
51.109840, 54.258762, 51.772781, 436842000
50.812820, 54.539658, 52.028862, 441644000
51.183205, 54.873886, 52.339493, 446748000
52.993317, 55.164787, 52.637653, 451712000
51.544548, 55.447479, 52.892830, 456653000
53.396938, 55.626858, 53.078705, 460355000
52.741760, 55.880058, 53.320103, 465569000
52.800331, 56.137043, 53.561554, 470805000
53.324463, 56.327610, 53.743568, 474565000
53.513458, 56.591396, 53.997478, 480438000
53.948414, 56.807755, 54.208530, 485532000
54.246971, 57.019764, 54.417068, 490488000
55.018593, 57.196148, 54.601955, 495491000
54.758278, 57.406685, 54.811409, 502210000
54.834774, 57.536411, 54.939007, 507242000
54.963833, 57.650055, 55.050877, 512105000
55.136047, 57.765484, 55.165703, 516987000
54.738731, 57.856438, 55.246300, 520616000
54.804092, 57.989849, 55.368198, 525853000
55.296432, 58.135334, 55.509342, 531232000
55.115719, 58.284332, 55.647488, 536327000
54.892582, 58.389626, 55.735577, 539977000
54.406925, 58.526127, 55.842777, 545410000
55.710773, 58.673557, 55.984619, 550454000
55.744324, 58.787525, 56.091503, 554195000
56.450939, 58.976238, 56.283630, 559199000
56.752285, 59.201797, 56.514050, 564209000
54.550537, 59.381660, 56.651047, 569192000
55.638332, 59.491539, 56.738476, 572779000
57.387016, 59.671150, 56.927467, 578080000
56.464661, 59.885998, 57.128761, 583926000
57.347050, 60.121971, 57.364384, 589080000
56.410137, 60.380630, 57.598789, 595601000
57.447628, 60.735943, 57.943974, 604917000
57.473228, 60.863461, 58.059525, 608548000
57.353161, 61.069103, 58.246929, 613797000
57.392857, 61.265820, 58.422630, 619073000
57.885471, 61.469311, 58.611313, 624063000
58.379787, 61.738541, 58.870529, 630041000
57.616741, 61.959946, 59.062431, 634848000
58.723282, 62.255936, 59.345718, 641147000
59.939507, 62.333996, 59.434097, 646092000
58.813290, 62.408886, 59.495075, 651123000
58.995323, 62.474636, 59.549515, 656148000
59.438190, 62.545555, 59.616791, 661219000
59.289383, 62.645882, 59.708565, 666198000
59.465443, 62.793514, 59.848381, 672339000
60.165054, 62.984989, 60.042362, 679561000
60.379223, 63.130440, 60.191643, 685213000
60.136497, 63.257599, 60.315155, 690166000
60.326340, 63.380203, 60.435532, 694973000
60.829506, 63.494404, 60.555328, 701090000
60.401066, 63.611996, 60.667484, 709872000
60.109146, 63.682812, 60.725719, 714116000
60.346813, 63.782536, 60.815872, 719039000
60.897213, 63.862526, 60.895893, 722663000
60.610691, 63.988476, 61.013622, 727869000
59.579628, 64.089615, 61.084061, 731649000
60.113281, 64.275719, 61.247028, 736694000
61.746292, 64.411880, 61.390453, 740303000
61.408237, 64.620193, 61.594955, 745616000
61.451424, 64.773384, 61.742210, 749353000
61.516865, 65.006340, 61.966000, 754611000
61.547207, 65.252243, 62.198612, 759856000
62.482323, 65.494164, 62.441368, 765001000
62.158768, 65.705750, 62.643070, 769933000
62.599270, 65.850906, 62.784447, 773114000
62.834404, 66.108315, 63.037704, 778845000
62.985409, 66.322548, 63.246613, 783800000
62.277180, 66.552589, 63.452667, 789362000
64.139000, 66.754227, 63.663998, 794469000
64.062965, 66.927795, 63.842075, 799329000
64.285011, 67.087044, 64.007004, 804372000
63.994453, 67.266113, 64.182243, 810836000
63.823448, 67.364410, 64.271400, 814458000
64.491386, 67.495308, 64.404083, 819729000
64.740837, 67.641884, 64.554466, 825112000
64.690247, 67.752831, 64.665909, 830080000
64.905632, 67.836449, 64.752647, 833979000
65.183823, 67.941414, 64.864136, 839351000
65.593086, 68.026817, 64.962410, 844293000
65.094772, 68.111900, 65.048439, 849247000
65.147636, 68.197273, 65.134094, 854127000
64.831306, 68.285431, 65.214432, 859118000
65.397736, 68.372490, 65.303413, 863947000
65.520691, 68.461395, 65.394890, 868916000
65.473625, 68.555351, 65.488541, 873912000
65.531181, 68.649216, 65.581383, 878697000
65.890602, 68.759857, 65.695992, 884213000
65.939720, 68.900208, 65.838409, 891504000
66.546463, 68.990791, 65.941345, 896499000
66.613701, 69.081177, 66.043373, 901462000
66.479637, 69.145081, 66.114723, 905055000
66.789436, 69.259010, 66.239868, 912217000
66.917885, 69.331322, 66.324295, 917166000
66.725319, 69.376518, 66.376610, 920776000
66.473549, 69.434097, 66.434975, 926147000
66.391693, 69.480286, 66.479378, 931146000
66.727852, 69.524300, 66.527481, 936329000
66.683136, 69.563354, 66.568871, 941294000
66.420082, 69.605354, 66.607056, 946144000
66.693588, 69.653809, 66.656273, 951125000
66.654373, 69.709419, 66.710732, 956073000
66.837509, 69.768417, 66.771088, 960861000
66.673172, 69.839973, 66.839256, 965989000
66.600555, 69.917183, 66.910149, 970996000
66.662308, 70.001350, 66.987679, 976022000
66.800087, 70.091309, 67.072083, 980970000
66.673172, 70.200569, 67.171181, 985944000
66.951538, 70.314644, 67.278580, 990753000
67.791931, 70.455208, 67.426598, 996729000
67.580200, 70.541397, 67.514130, 365000
67.469902, 70.674507, 67.643692, 5628000
62.500340, 71.044945, 67.903854, 14480000
68.551300, 71.174591, 68.043854, 19450000
69.229782, 71.298126, 68.188637, 24367000
68.551308, 71.415451, 68.310867, 29371000
68.175888, 71.531265, 68.421669, 34470000
68.390739, 71.636429, 68.524109, 39412000
68.831345, 71.734062, 68.625931, 44250000
69.005791, 71.844627, 68.741890, 49079000
68.466553, 71.955734, 68.845268, 54051000
67.995071, 72.038254, 68.909134, 57874000
69.550438, 72.168030, 69.049141, 63168000
69.305077, 72.287857, 69.171692, 68005000
68.954475, 72.418579, 69.295456, 73028000
69.509827, 72.550545, 69.429070, 78153000
69.719841, 72.682686, 69.564384, 83365000
68.898987, 72.815445, 69.681183, 88536000
69.667885, 72.941666, 69.804611, 93341000
70.381378, 73.094978, 69.966400, 99074000
69.970337, 73.190826, 70.060410, 102687000
70.301712, 73.334335, 70.205879, 108128000
70.564781, 73.433487, 70.310226, 111907000
70.854980, 73.613121, 70.497162, 119167000
71.153358, 73.723740, 70.618690, 124158000
71.025253, 73.818565, 70.719749, 129088000
71.283646, 73.900581, 70.811409, 133972000
71.342987, 73.972313, 70.892334, 138986000
71.148270, 74.049126, 70.972733, 143943000
71.458382, 74.094856, 71.027267, 148950000
71.609169, 74.126457, 71.069878, 153922000
71.479477, 74.147133, 71.098335, 158858000
71.337112, 74.159111, 71.114853, 163905000
71.472450, 74.165565, 71.128334, 168576000
72.134163, 74.164680, 71.147583, 173629000
72.189308, 74.160461, 71.164284, 178618000
71.174721, 74.153404, 71.157578, 183564000
71.031197, 74.145203, 71.147011, 188615000
71.371490, 74.132072, 71.138634, 193464000
70.979218, 74.113762, 71.117508, 198982000
71.229454, 74.105003, 71.111168, 202628000
71.077141, 74.078079, 71.084099, 208083000
71.197800, 74.041573, 71.050598, 213324000
72.130409, 73.979454, 71.011322, 219949000
71.324593, 73.926086, 70.965286, 224971000
70.732887, 73.866486, 70.902229, 229969000
71.109413, 73.803879, 70.845016, 234970000
70.990570, 73.728371, 70.773933, 239824000
70.906471, 73.644241, 70.694138, 244667000
71.187340, 73.546715, 70.608421, 249620000
70.282593, 73.442947, 70.500214, 254525000
70.536240, 73.348892, 70.408768, 259498000
70.693909, 73.248695, 70.316277, 264471000
70.562469, 73.161758, 70.236000, 269209000
70.415207, 73.046097, 70.126236, 275440000
70.502975, 72.966309, 70.055580, 279495000
70.592979, 72.863747, 69.965820, 284532000
69.799240, 72.761116, 69.861916, 289476000
70.157295, 72.681847, 69.790138, 293100000
70.224960, 72.553253, 69.672821, 298379000
69.704384, 72.445518, 69.567871, 302918000
69.372711, 72.271416, 69.393349, 308750000
69.405670, 72.115517, 69.240814, 313575000
69.378304, 71.963387, 69.094475, 317947000
68.929520, 71.700958, 68.834000, 324409000
67.576790, 71.503784, 68.615631, 328805000
68.253822, 71.365189, 68.472572, 331943000
69.334312, 71.143303, 68.272362, 337306000
68.184013, 70.952507, 68.083611, 341816000
67.641151, 70.673012, 67.800858, 348359000
67.733894, 70.482506, 67.612823, 352742000
67.014374, 70.268410, 67.391037, 357553000
66.896515, 70.070732, 67.187424, 361926000
67.111389, 69.849380, 66.968979, 366626000
66.493889, 69.706985, 66.819931, 369631000
67.331833, 69.456451, 66.584641, 374886000
66.254288, 69.237907, 66.363861, 379438000
65.988976, 69.023285, 66.146034, 383960000
65.945915, 68.811844, 65.934822, 388600000
65.989281, 68.621292, 65.749176, 392847000
66.110420, 68.409370, 65.548721, 397647000
65.337128, 68.189850, 65.329361, 402619000
64.815147, 67.992668, 65.125839, 407217000
64.761375, 67.865044, 64.993477, 410208000
64.823341, 67.651001, 64.780319, 415389000
64.942238, 67.469002, 64.605202, 419783000
67.432236, 67.296059, 64.492264, 427252000
63.714825, 67.124344, 64.308434, 431740000
63.961178, 66.967384, 64.147667, 435602000
64.052383, 66.776154, 63.958355, 439965000
63.629383, 66.589981, 63.769329, 444049000
64.417496, 66.299324, 63.497452, 450345000
65.012840, 66.089020, 63.321663, 454351000
63.386570, 65.833572, 63.072628, 458726000
63.835556, 65.566399, 62.826061, 463093000
63.332672, 65.266998, 62.542786, 467662000
63.646839, 65.024223, 62.326950, 472219000
61.101707, 64.771355, 62.054638, 476905000
60.683521, 64.603424, 61.862644, 479892000
67.534470, 64.151230, 61.532928, 485078000
53.685219, 63.963905, 61.192398, 489584000
55.627785, 63.865543, 60.984715, 494010000
57.413662, 63.825485, 60.874039, 498628000
60.477863, 63.792007, 60.833309, 503074000
60.457047, 63.757786, 60.792248, 506748000
62.483509, 63.653496, 60.723873, 511928000
61.096321, 63.560223, 60.639915, 516321000
60.601349, 63.488731, 60.569084, 520735000
61.898518, 63.405155, 60.513771, 526886000
60.083817, 63.338306, 60.439659, 531405000
58.824642, 63.263336, 60.333889, 535944000
60.119194, 63.150589, 60.219105, 541639000
60.296650, 62.987164, 60.060501, 547545000
59.841488, 62.869110, 59.940430, 551816000
59.026691, 62.739864, 59.795494, 556800000
59.797882, 62.577282, 59.636211, 562308000
60.416794, 62.375061, 59.453648, 567887000
59.415539, 62.183399, 59.265060, 572684000
56.928711, 62.097393, 59.134048, 577217000
59.080711, 62.009609, 59.046955, 581587000
60.165081, 61.847160, 58.910118, 586303000
59.386169, 61.677025, 58.752911, 590629000
58.836037, 61.490273, 58.571556, 595178000
58.352070, 61.308670, 58.389198, 599540000
58.383411, 61.129768, 58.213760, 603795000
57.537724, 60.911736, 57.986568, 609178000
58.120594, 60.653030, 57.735718, 615340000
57.364243, 60.399704, 57.480030, 620914000
57.422054, 60.145191, 57.229450, 626341000
56.802891, 59.816666, 56.898968, 633328000
57.001690, 59.595592, 56.684372, 638010000
56.435883, 59.312542, 56.402016, 644095000
55.937923, 59.112663, 56.196854, 648588000
56.026535, 58.863762, 55.949524, 654754000
55.619446, 58.646317, 55.729828, 660753000
55.986553, 58.415798, 55.509056, 666841000
54.842903, 58.258091, 55.341183, 671274000
54.934139, 57.996983, 55.077156, 677986000
54.894730, 57.826160, 54.906101, 682372000
55.251114, 57.647945, 54.738354, 687028000
55.192593, 57.477016, 54.579929, 691434000
54.962227, 57.301662, 54.415730, 695838000
54.319576, 57.119099, 54.234894, 700325000
54.150070, 56.941425, 54.059078, 704894000
53.884899, 56.761211, 53.878986, 709889000
53.703236, 56.594715, 53.712307, 714412000
53.604050, 56.385193, 53.504814, 719995000
53.135220, 56.182575, 53.298859, 725445000
52.794735, 55.950626, 53.061466, 731767000
52.655514, 55.786980, 52.892975, 736299000
53.067875, 55.628059, 52.740730, 740665000
52.815594, 55.450317, 52.568043, 745346000
52.491425, 55.270988, 52.390770, 749911000
52.748585, 55.086746, 52.217369, 754301000
52.104950, 54.804554, 51.938572, 760746000
51.844124, 54.617050, 51.752930, 765063000
51.703743, 54.426804, 51.565506, 769437000
51.443016, 54.233177, 51.373306, 773818000
51.302349, 54.020588, 51.163551, 778449000
51.322491, 53.850136, 50.999691, 782080000
50.817364, 53.610950, 50.761642, 787105000
50.980335, 53.374817, 50.534607, 792150000
50.712971, 53.168804, 50.336281, 796773000
50.218292, 52.977360, 50.146305, 801201000
49.960918, 52.811939, 49.980484, 804726000
49.391293, 52.586937, 49.748199, 810403000
49.637646, 52.422626, 49.584965, 814645000
49.304714, 52.243114, 49.403439, 819169000
49.489799, 52.031189, 49.197479, 824419000
49.200909, 51.877953, 49.047375, 828208000
49.586250, 51.615173, 48.800629, 834887000
49.506180, 51.400337, 48.604202, 839332000
49.577282, 51.161907, 48.390003, 843748000
48.869675, 50.906834, 48.149628, 848150000
48.181652, 50.558556, 47.808956, 853966000
47.764927, 50.220745, 47.477024, 859563000
47.322105, 49.948059, 47.206696, 864179000
46.854343, 49.696259, 46.952885, 868624000
47.172482, 49.461147, 46.726871, 873027000
46.806877, 49.223587, 46.495663, 877580000
46.491623, 48.921257, 46.199299, 883376000
46.218212, 48.629086, 45.913353, 889052000
46.013981, 48.286777, 45.579906, 894748000
45.193233, 48.022358, 45.313046, 899129000
45.074497, 47.755165, 45.046425, 903583000
45.006680, 47.490398, 44.786160, 907951000
44.866955, 47.201965, 44.505112, 912562000
45.357983, 46.966984, 44.291885, 916216000
44.432476, 46.613758, 43.948536, 921292000
44.577698, 46.361954, 43.714352, 924744000
43.500740, 45.993999, 43.349483, 929497000
43.407112, 45.513569, 42.879814, 935504000
42.810345, 45.138027, 42.510391, 940074000
42.549332, 44.766331, 42.146908, 944563000
41.981609, 44.417015, 41.801273, 949026000
42.133682, 43.932468, 41.333069, 954865000
41.742962, 43.505550, 40.922886, 959477000
41.222321, 43.078979, 40.510838, 963951000
40.965572, 42.645329, 40.094955, 968348000
40.583031, 42.175968, 39.644745, 972921000
35.316811, 41.820740, 39.210064, 977600000
34.316742, 41.675354, 38.969723, 980800000
40.739765, 41.519581, 38.852467, 985769000
41.710682, 41.269802, 38.664848, 990017000
41.732540, 40.918510, 38.381939, 994507000
39.378185, 40.514400, 38.005836, 998951000
37.690582, 40.110115, 37.603333, 3388000
37.457771, 39.574802, 37.075817, 9171000
37.041168, 39.162792, 36.671352, 13724000
36.945305, 38.726288, 36.249058, 18672000
36.528118, 38.477985, 36.011307, 21575000
38.096336, 38.118385, 35.700603, 25597000
36.980541, 37.798084, 35.412308, 29025000
36.478111, 37.321465, 34.966537, 33811000
34.527306, 36.770123, 34.417439, 40308000
34.476341, 36.426521, 34.081886, 44664000
34.376312, 36.046642, 33.715496, 49177000
33.884499, 35.640724, 33.321075, 53742000
34.881821, 35.183128, 32.903847, 58570000
33.011238, 34.609795, 32.344128, 64254000
33.515404, 34.007572, 31.777374, 69717000
32.848972, 33.353352, 31.157669, 75669000
30.275513, 32.763100, 30.561581, 81190000
30.745440, 32.200768, 30.014172, 86668000
30.026070, 31.740528, 29.563375, 91202000
29.244213, 31.258017, 29.084131, 95944000
28.778936, 30.701820, 28.532955, 101380000
28.919790, 30.170950, 28.020439, 106701000
27.723848, 29.605999, 27.460857, 112374000
27.244173, 29.152576, 27.012171, 116946000
26.782804, 28.629667, 26.495132, 122188000
28.037506, 28.067648, 25.975203, 127855000
26.205667, 27.568340, 25.490490, 132631000
26.091537, 26.929832, 24.876774, 138320000
25.127808, 26.229975, 24.195934, 144431000
24.389139, 25.726864, 23.706751, 148847000
23.976406, 25.241653, 23.236639, 153068000
23.675720, 24.675367, 22.690460, 157857000
23.693045, 24.132885, 22.178881, 162277000
23.384254, 23.462265, 21.545782, 167714000
22.500582, 22.780933, 20.897175, 173396000
21.352802, 22.107239, 20.246067, 179051000
20.673838, 21.452005, 19.612494, 184544000
20.281147, 20.794601, 18.981611, 190016000
19.498337, 20.147295, 18.357586, 195481000
18.770100, 19.503511, 17.734928, 200931000
19.080978, 18.841784, 17.113358, 206573000
17.606529, 18.180401, 16.475067, 212246000
16.799025, 17.383068, 15.700160, 219016000
15.921266, 16.685270, 15.020741, 224905000
15.717576, 16.278484, 14.636028, 228320000
15.028601, 15.732350, 14.108669, 232844000
14.872549, 15.140379, 13.543816, 237608000
14.542759, 14.366693, 12.805582, 243636000
13.919928, 13.900769, 12.371264, 247181000
13.269270, 13.255924, 11.757277, 251976000
12.399259, 12.631673, 11.158350, 256587000
12.150611, 11.917048, 10.477862, 261798000
11.589025, 11.212976, 9.810095, 266898000
10.887712, 10.594024, 9.225075, 271238000
9.164293, 10.146541, 8.785326, 274373000
9.288713, 9.391450, 8.055405, 279567000
9.505956, 8.772594, 7.477938, 283788000
8.336996, 8.059958, 6.796735, 288376000
6.948189, 7.338701, 6.092932, 292603000
4.495619, 6.420492, 5.161141, 297373000
8.687940, 5.550071, 4.378665, 301732000
6.912548, 4.842053, 3.735486, 305305000
3.970793, 4.032382, 2.946713, 310323000
4.730962, 3.407717, 2.370227, 314959000
2.740241, 3.078888, 2.055375, 317894000
2.690968, 2.456743, 1.458385, 323368000
2.213980, 1.931263, 0.958526, 327902000
0.184316, 1.391144, 0.413725, 332970000
0.519571, 1.184454, 0.213286, 337951000
0.998837, 1.136841, 0.182336, 342846000
1.834776, 1.085845, 0.165409, 350701000
1.467000, 1.070157, 0.176067, 354924000
1.606787, 1.050894, 0.185803, 360005000
1.438084, 1.039658, 0.199837, 363933000
1.449065, 1.029333, 0.214704, 369200000
2.014066, 0.988345, 0.210523, 374226000
1.379077, 0.980620, 0.226323, 379167000
1.369714, 0.976204, 0.244863, 384203000
1.977827, 0.940175, 0.244215, 389859000
1.522716, 0.937193, 0.266861, 395531000
1.522279, 0.936249, 0.291045, 399287000
1.951824, 0.930351, 0.318481, 404621000
1.229592, 0.913562, 0.320250, 409501000
1.433337, 0.901535, 0.330725, 414323000
1.338654, 0.877457, 0.327287, 419098000
1.462166, 0.849644, 0.322728, 424072000
1.311903, 0.822780, 0.316185, 429498000
1.233387, 0.819732, 0.331542, 448588000
1.610589, 0.783260, 0.321380, 454805000
1.309973, 0.745444, 0.304092, 465846000
1.538412, 0.701343, 0.285560, 469744000
0.996506, 0.677655, 0.276565, 479126000
1.315039, 0.662754, 0.282731, 484449000
1.112503, 0.656076, 0.292782, 489756000
1.219782, 0.645647, 0.301102, 496559000
1.717718, 0.621261, 0.305535, 504046000
1.380965, 0.584391, 0.290911, 509328000
0.939665, 0.565395, 0.285271, 514505000
1.062131, 0.594854, 0.329677, 528855000
0.985236, 0.605402, 0.353126, 532337000
1.420180, 0.612932, 0.381847, 538958000
1.225566, 0.620445, 0.406084, 544006000
1.334028, 0.629819, 0.433829, 551828000
1.083237, 0.638800, 0.455618, 558329000
1.142159, 0.645559, 0.475973, 566452000
1.056697, 0.647164, 0.489160, 569253000
1.212719, 0.648770, 0.505206, 578380000
1.052513, 0.648856, 0.516236, 582032000
1.421627, 0.647815, 0.533324, 587502000
1.148487, 0.662406, 0.559926, 591334000
1.305393, 0.652213, 0.564847, 602202000
1.046319, 0.648057, 0.570402, 605674000
0.868563, 0.642576, 0.570994, 609214000
1.172234, 0.636813, 0.577372, 612572000
1.016469, 0.628187, 0.577701, 617344000
3.507373, 0.614333, 0.622716, 623586000
5.418118, 0.617174, 0.721409, 628978000
1.384385, 0.599617, 0.717463, 637599000
3.988455, 0.594962, 0.778320, 646452000
2.169118, 0.593846, 0.805043, 649707000
3.481937, 0.594541, 0.859262, 655039000
0.913437, 0.592840, 0.858678, 658582000
4.474142, 0.600720, 0.938710, 665330000
1.914897, 0.622773, 0.979846, 674995000
-2.760648, 0.627988, 0.910146, 678535000
1.153268, 0.626595, 0.913644, 682424000
4.128367, 0.621918, 0.973355, 686234000
6.530364, 0.610088, 1.072902, 690082000
-3.749669, 0.600369, 0.966926, 693754000
2.485347, 0.595139, 0.992169, 700827000
-2.287295, 0.586746, 0.918355, 708745000
4.725812, 0.491594, 0.901255, 725715000
-1.185328, 0.489064, 0.857044, 729067000
-1.733876, 0.491484, 0.807597, 733529000
-3.430214, 0.458546, 0.690562, 741171000
4.983488, 0.441754, 0.759964, 746255000
4.374355, 0.372846, 0.764722, 751443000
6.165051, 0.391565, 0.891073, 759280000
-16.090256, 0.389089, 0.549020, 764788000
-0.180226, 0.376936, 0.522524, 770226000
2.824895, 0.351890, 0.544027, 780329000
-4.941535, 0.346261, 0.428800, 783794000
-0.749810, 0.339251, 0.398357, 787456000
0.488650, 0.332973, 0.394011, 791050000
0.792928, 0.323479, 0.392685, 796950000
0.904673, 0.317526, 0.397091, 800329000
0.905736, 0.305725, 0.395699, 809595000
1.050251, 0.289741, 0.393126, 817160000
1.260884, 0.276114, 0.397126, 820450000
1.245752, 0.249393, 0.387912, 824453000
1.279337, 0.207096, 0.364290, 831976000
1.452800, 0.171089, 0.350773, 837725000
0.991487, 0.119409, 0.312941, 849188000
0.097624, 0.040008, 0.230822, 855372000
0.893104, -0.076573, 0.129818, 875940000
1.221027, -0.108590, 0.120266, 879808000
0.440117, -0.194838, 0.042139, 886377000
0.245586, -0.270677, -0.028114, 895439000
0.280560, -0.296760, -0.047501, 899080000
0.232944, -0.311249, -0.056092, 902657000
0.495805, -0.349185, -0.082231, 906237000
0.124445, -0.382413, -0.110661, 909691000
-0.116185, -0.466573, -0.193249, 913635000
-0.477823, -0.591433, -0.321303, 923234000
0.664112, -0.762504, -0.469244, 935657000
0.205625, -0.830546, -0.522428, 939669000
0.127068, -0.887983, -0.565726, 943232000
5.713635, -0.992597, -0.542660, 947087000
0.036708, -1.083474, -0.620132, 953094000
-0.306489, -1.136535, -0.665859, 956905000
-0.920462, -1.248643, -0.780817, 964126000
-1.965615, -1.403227, -0.956006, 973332000
-0.050977, -1.489541, -1.022493, 978385000
-0.546640, -1.543653, -1.066006, 982043000
-0.439346, -1.609927, -1.118421, 987885000
-0.459556, -1.704939, -1.198356, 993533000
-0.636502, -1.766567, -1.247514, 999539000
-0.673672, -1.849384, -1.317198, 3508000
-0.435721, -2.027032, -1.473664, 8872000
-0.389426, -2.136877, -1.559627, 13965000
-3.989349, -2.348756, -1.815863, 19128000
-4.093384, -2.468120, -1.978390, 22958000
-1.458302, -2.664305, -2.160250, 29632000
-2.287479, -2.852650, -2.347373, 35244000
-2.200268, -3.017190, -2.505680, 41103000
-0.776881, -3.149465, -2.600734, 47658000
-3.037264, -3.227236, -2.685680, 52830000
-1.954867, -3.293986, -2.736479, 58295000
-1.717613, -3.389508, -2.809714, 65630000
-2.638463, -3.430323, -2.846287, 69353000
-1.707254, -3.499654, -2.891451, 75123000
0.703757, -3.562464, -2.881101, 80050000
-1.946312, -3.635504, -2.933984, 84727000
-4.900287, -3.708821, -3.045161, 88333000
-3.325774, -3.893126, -3.231392, 95253000
-2.880052, -4.049567, -3.377677, 100422000
-3.598790, -4.231726, -3.560615, 105830000
-3.280818, -4.372715, -3.693189, 109627000
-6.539600, -4.661986, -4.033603, 116320000
-7.777300, -5.284070, -4.718119, 126042000
10.254519, -5.717470, -4.843398, 132356000
-9.845828, -6.249660, -5.464993, 138597000
-10.428630, -6.752945, -6.057485, 144081000
-6.212668, -7.219232, -6.517550, 149035000
-0.317583, -7.857946, -7.019490, 155193000
-4.942276, -8.519034, -7.625813, 161236000
0.463711, -9.221669, -8.152604, 167951000
-12.406145, -9.578379, -8.587251, 171662000
-8.733019, -10.021792, -9.024712, 176635000
-6.998968, -10.423934, -9.378296, 181450000
-8.066438, -10.800117, -9.720718, 186486000
-9.522427, -11.127819, -10.037901, 191978000
-3.770397, -11.374832, -10.154624, 197000000
-10.333882, -11.573205, -10.352614, 201918000
-10.499228, -11.750342, -10.529141, 207031000
-9.599434, -11.865777, -10.623673, 212327000
-9.541753, -11.926370, -10.661416, 217251000
-9.475917, -11.958211, -10.668910, 222214000
-11.257767, -11.975177, -10.697313, 225807000
-9.855790, -12.004659, -10.709375, 231065000
-10.190701, -12.067369, -10.760458, 236225000
-8.318312, -12.113703, -10.757023, 239981000
-9.102255, -12.163223, -10.772458, 243688000
-9.863300, -12.221080, -10.810974, 247848000
-11.951710, -12.307271, -10.918257, 253494000
-9.407014, -12.423887, -11.002316, 258702000
-10.816569, -12.519236, -11.092042, 262463000
-9.627332, -12.711217, -11.250890, 269329000
-10.637127, -12.813775, -11.339122, 272932000
-9.683704, -12.974817, -11.463835, 278419000
-11.400020, -13.138127, -11.622602, 283529000
-9.127145, -13.292171, -11.723657, 288606000
-11.755295, -13.439190, -11.868367, 293579000
-9.599133, -13.580823, -11.961782, 298661000
-10.606980, -13.708087, -12.059406, 303633000
-11.503827, -13.823556, -12.161455, 308673000
-11.543748, -13.983147, -12.305500, 315752000
-11.026970, -14.067445, -12.362541, 319357000
-10.876408, -14.163921, -12.427366, 323115000
-11.168770, -14.321978, -12.557090, 328423000
-11.228040, -14.443240, -12.649346, 332185000
-10.992037, -14.657412, -12.826089, 337277000
-11.757906, -14.827898, -12.971802, 340861000
-12.204294, -15.088371, -13.211716, 346103000
-13.389212, -15.513680, -13.632069, 355169000
-13.214786, -15.706598, -13.812782, 359315000
-13.117165, -15.908847, -13.997074, 363696000
-11.328364, -16.184559, -14.213898, 370004000
-13.725797, -16.371643, -14.387479, 374496000
-14.110955, -16.540871, -14.547791, 378717000
-13.773181, -16.715103, -14.703047, 383187000
-14.797361, -16.890730, -14.877047, 387816000
-14.853148, -17.001066, -14.984699, 390801000
-14.507872, -17.181253, -15.151748, 396032000
-14.988309, -17.323133, -15.287522, 400316000
-14.709762, -17.477907, -15.427645, 405024000
-15.035265, -17.631504, -15.570321, 409485000
-14.565131, -17.839495, -15.754049, 414932000
-14.812765, -18.043106, -15.934764, 419726000
-15.597472, -18.242672, -16.123594, 424186000
-15.161460, -18.459146, -16.316496, 428715000
-14.810699, -18.676971, -16.499847, 433188000
-16.842110, -18.892754, -16.718159, 437405000
-16.515120, -19.186338, -17.001812, 442889000
-17.245188, -19.485260, -17.299623, 448593000
-17.416485, -19.773468, -17.584404, 454107000
-17.522017, -19.993561, -17.798847, 458884000
-18.882116, -20.215660, -18.038170, 463261000
-16.786972, -20.406977, -18.200636, 467525000
-18.982386, -20.701336, -18.504744, 473733000
-19.517540, -20.952129, -18.770777, 478407000
-17.291317, -21.192621, -18.976871, 482820000
-18.666880, -21.444475, -19.217487, 487384000
-18.591644, -21.689676, -19.445269, 491803000
-20.436985, -21.886724, -19.658211, 495238000
-17.838066, -22.219725, -19.948149, 501213000
-21.283848, -22.430656, -20.181576, 504859000
-19.320967, -22.715391, -20.443403, 509925000
-18.034851, -22.941320, -20.616644, 514318000
-19.071274, -23.100382, -20.741617, 517409000
-19.487404, -23.359562, -20.970530, 522326000
-18.632172, -23.607986, -21.167217, 526882000
-19.633402, -23.880850, -21.403948, 531321000
-20.029953, -24.188957, -21.678413, 535776000
-20.912870, -24.532373, -21.999651, 540275000
-21.404266, -24.922760, -22.370323, 544701000
-21.027576, -25.454948, -22.865013, 550023000
-22.348188, -26.435272, -23.815395, 559160000
-23.106604, -27.016972, -24.371284, 564450000
-22.377352, -27.520428, -24.824795, 569012000
-23.312651, -28.183809, -25.444666, 575104000
-24.736219, -28.572012, -25.810936, 578560000
-25.602936, -29.093416, -26.317753, 583023000
-26.161062, -29.783432, -26.990835, 588522000
-26.012976, -30.380535, -27.556440, 593439000
-28.108667, -30.894962, -28.071627, 598002000
-28.037464, -31.370380, -28.536854, 602716000
-28.958826, -31.769098, -28.936037, 607264000
-19.946043, -32.228916, -29.206858, 612893000
-45.888454, -32.541443, -29.846764, 618410000
-27.903353, -32.869507, -30.129398, 624178000
-28.746267, -33.143181, -30.369936, 629989000
-28.909882, -33.390484, -30.583090, 636560000
-30.527996, -33.531937, -30.720610, 640531000
-30.082798, -33.685841, -30.858683, 645045000
-28.959698, -33.802670, -30.935198, 648487000
-30.125170, -33.999897, -31.112282, 655060000
-31.063044, -34.102856, -31.212196, 658500000
-30.197863, -34.244389, -31.330614, 663285000
-31.130812, -34.395493, -31.474699, 667771000
-30.387125, -34.558346, -31.612543, 672206000
-30.264692, -34.806660, -31.828932, 677986000
-30.983253, -35.026291, -32.027256, 682421000
-31.243830, -35.266491, -32.246986, 686856000
-31.165348, -35.510593, -32.464577, 691430000
-31.437656, -35.740990, -32.669827, 695772000
-31.282518, -35.975475, -32.871876, 700200000
-31.736170, -36.211941, -33.080898, 704587000
-32.043983, -36.449532, -33.292999, 709204000
-31.960857, -36.657303, -33.469975, 713440000
-31.881121, -36.880943, -33.657368, 718229000
-31.427198, -37.078327, -33.806202, 722804000
-32.298607, -37.326473, -34.019234, 728116000
-32.582951, -37.574402, -34.233482, 733228000
-33.171677, -37.804733, -34.437973, 737946000
-33.876175, -38.044571, -34.661781, 742571000
-34.243832, -38.279591, -34.883739, 746914000
-34.202621, -38.531597, -35.117085, 751327000
-34.104008, -38.820133, -35.379589, 756127000
-34.456905, -39.191769, -35.725338, 762109000
-35.134697, -39.381134, -35.899105, 765102000
-35.102081, -39.732174, -36.227184, 770239000
-35.749393, -40.025864, -36.505447, 774652000
-35.048027, -40.392960, -36.836056, 779649000
-35.160320, -40.771778, -37.173782, 785190000
-36.383110, -41.185635, -37.563549, 790776000
-37.067963, -41.696468, -38.054256, 796253000
-36.612228, -42.171261, -38.490715, 801965000
-37.954945, -42.615654, -38.915504, 807727000
-37.885113, -43.058601, -39.328987, 813572000
-38.242371, -43.485096, -39.725220, 819344000
-39.227085, -43.881821, -40.104050, 824930000
-40.004364, -44.245770, -40.458725, 830293000
-40.281944, -44.630898, -40.832615, 835995000
-40.757385, -44.926266, -41.120571, 840412000
-40.975998, -45.292095, -41.476192, 845928000
-41.665936, -45.498882, -41.682640, 848886000
-41.032925, -45.953510, -42.115185, 855129000
-40.834698, -46.314751, -42.443588, 860211000
-40.475506, -46.602215, -42.685940, 864603000
-41.110516, -46.868153, -42.915054, 868869000
-41.898468, -47.139416, -43.160564, 873304000
-41.979027, -47.400360, -43.392658, 877842000
-41.276112, -47.755955, -43.698811, 884441000
-43.011452, -47.986889, -43.911381, 888740000
-42.425228, -48.220718, -44.110809, 893453000
-42.642056, -48.390869, -44.248180, 897038000
-43.089340, -48.656593, -44.485413, 903067000
-43.936855, -48.825195, -44.639675, 906788000
-44.565460, -49.032154, -44.841011, 911191000
-44.957703, -49.244663, -45.051605, 915084000
-43.268307, -49.462906, -45.229820, 919574000
-44.889774, -49.667267, -45.423294, 924011000
-45.410034, -49.916275, -45.667057, 929716000
-45.453159, -50.149071, -45.890919, 935207000
-46.269028, -50.390217, -46.134804, 940637000
-46.738762, -50.663315, -46.414520, 946238000
-45.855587, -50.868931, -46.604843, 950434000
-46.870281, -51.160332, -46.895725, 956175000
-48.577530, -51.427658, -47.191341, 960705000
-44.280785, -51.763802, -47.462551, 965905000
-45.040173, -52.005402, -47.650871, 970288000
-46.491028, -52.184578, -47.803268, 973705000
-47.169308, -52.482834, -48.082882, 979532000
-47.123085, -52.745110, -48.320717, 984838000
-47.520130, -52.906727, -48.463089, 988340000
-47.485184, -53.110603, -48.643330, 993123000
-47.448765, -53.300884, -48.805912, 997980000
-48.578518, -53.478683, -48.975609, 2583000
-47.846104, -53.669136, -49.139660, 7310000
-48.398438, -53.871990, -49.323631, 11956000
-48.733341, -54.089657, -49.525139, 16611000
-49.452526, -54.236855, -49.667942, 19525000
-50.929993, -54.462437, -49.914253, 23325000
-49.617516, -54.786816, -50.226212, 27957000
-46.504940, -55.072731, -50.431984, 32269000
-48.841202, -55.303162, -50.625992, 36967000
-50.048283, -55.512249, -50.819344, 41270000
-50.734497, -55.776814, -51.076920, 46122000
-52.826588, -56.094345, -51.423092, 50570000
-50.144299, -56.470806, -51.766449, 56262000
-50.043289, -56.812450, -52.066799, 61721000
-51.824505, -57.163910, -52.406387, 67126000
-51.000225, -57.394306, -52.604053, 70341000
-49.901409, -57.794392, -52.942085, 75506000
-49.267677, -58.087620, -53.155964, 79893000
-50.383171, -58.474537, -53.479687, 86035000
-52.192535, -58.763142, -53.736778, 90427000
-52.576965, -58.968143, -53.914486, 93562000
-52.169556, -59.301716, -54.206490, 98990000
-53.791767, -59.568516, -54.459660, 103482000
-54.431370, -59.827549, -54.712948, 107876000
-55.768044, -60.025074, -54.927624, 111007000
-53.658867, -60.337238, -55.208172, 116248000
-55.402348, -60.602379, -55.471893, 120584000
-54.341690, -60.877171, -55.718586, 125194000
-54.176609, -61.132507, -55.937977, 129611000
-55.377560, -61.408310, -56.197056, 134352000
-55.746178, -61.678432, -56.452759, 138907000
-55.009903, -61.948006, -56.688084, 143361000
-55.208805, -62.287037, -56.990749, 148974000
-56.110714, -62.623470, -57.302856, 154491000
-55.828941, -62.994968, -57.637447, 160404000
-56.944962, -63.384087, -58.004936, 166874000
-56.495651, -63.668301, -58.253281, 172492000
-59.485920, -64.076210, -58.677692, 179330000
-57.736347, -64.327103, -58.904747, 183706000
-57.444477, -64.640083, -59.182266, 189839000
-58.171429, -64.862389, -59.379906, 194353000
-58.769753, -65.119705, -59.619873, 200011000
-57.451908, -65.308685, -59.761719, 204770000
-59.838676, -65.527748, -59.977940, 210466000
-59.685482, -65.720512, -60.161007, 216236000
-59.926483, -65.910980, -60.342979, 221805000
-60.394974, -66.108040, -60.537140, 227260000
-58.085651, -66.208618, -60.586681, 230664000
-60.052845, -66.411827, -60.775154, 236330000
-60.870239, -66.583679, -60.945465, 240809000
-60.548630, -66.768272, -61.118427, 245461000
-60.158611, -66.956131, -61.283329, 249826000
-60.593922, -67.161316, -61.470623, 254359000
-60.935841, -67.372627, -61.667011, 258686000
-62.129890, -67.623138, -61.921772, 263279000
-62.658379, -67.882874, -62.191044, 267612000
-62.644779, -68.221725, -62.532196, 272828000
-62.754696, -68.519844, -62.828800, 277403000
-63.257179, -68.809189, -63.120926, 281793000
-63.396725, -69.035179, -63.347912, 285249000
-63.877907, -69.454422, -63.769375, 291733000
-63.506802, -69.667877, -63.973316, 295191000
-63.359356, -69.967133, -64.254311, 300138000
-64.540207, -70.257599, -64.544685, 305215000
-63.772095, -70.510361, -64.776939, 309754000
-65.085686, -70.757896, -65.025703, 314266000
-65.643074, -71.068260, -65.342209, 319990000
-65.494247, -71.430344, -65.700089, 326537000
-65.284668, -71.664673, -65.921425, 330957000
-65.838608, -71.904587, -66.154884, 335604000
-66.225075, -72.183525, -66.429649, 341136000
-66.345711, -72.406677, -66.646660, 345704000
-67.489304, -72.622192, -66.874718, 350156000
-67.490395, -72.857552, -67.117683, 354700000
-66.704826, -73.144653, -67.390793, 360699000
-66.755714, -73.389191, -67.617737, 366381000
-68.467484, -73.662476, -67.902550, 372820000
-68.213326, -73.958580, -68.198944, 379832000
-67.661072, -74.221573, -68.445915, 385958000
-68.836670, -74.384575, -68.613472, 389483000
-68.165276, -74.766922, -68.979210, 398161000
-67.877640, -74.988380, -69.174210, 403258000
-67.338440, -75.209389, -69.354088, 408377000
-68.032463, -75.429596, -69.543457, 413332000
-67.635330, -75.631226, -69.702896, 418295000
-68.872246, -75.821228, -69.872482, 423255000
-68.952316, -76.001877, -70.031113, 428333000
-70.123909, -76.158539, -70.186501, 433214000
-67.968964, -76.226189, -70.208450, 438325000
-69.929688, -76.284584, -70.260101, 443136000
-68.610657, -76.333649, -70.275200, 448456000
-71.312660, -76.415939, -70.376595, 453452000
-69.843102, -76.502327, -70.450592, 458505000
-70.902069, -76.625450, -70.580284, 463503000
-69.777519, -76.768127, -70.704056, 468708000
-70.770882, -76.883240, -70.818207, 472315000
-70.201653, -77.110695, -71.028778, 478494000
-70.788612, -77.305679, -71.215057, 483782000
-70.258690, -77.488739, -71.375328, 488656000
-69.939926, -77.666008, -71.520340, 493624000
-71.861496, -77.947578, -71.803108, 500360000
-71.521660, -78.158142, -72.003838, 505323000
-71.336281, -78.352409, -72.180870, 510189000
-72.043503, -78.563332, -72.384827, 515202000
-74.594772, -78.816338, -72.676971, 520107000
-72.816780, -79.155701, -73.012344, 526228000
-73.848923, -79.518135, -73.384270, 532416000
-74.118134, -80.081360, -73.950905, 541166000
-74.850967, -80.413155, -74.294067, 546155000
-73.759552, -80.652069, -74.517509, 549795000
-74.034515, -80.991570, -74.840561, 555037000
-75.975563, -81.339569, -75.204300, 560323000
-75.168182, -81.657272, -75.514931, 565300000
-75.329330, -81.968124, -75.815849, 570347000
-75.477386, -82.262993, -76.098053, 575345000
-75.850365, -82.578735, -76.402527, 580978000
-76.558083, -82.849907, -76.671387, 585837000
-76.094444, -83.106239, -76.911057, 590454000
-76.622780, -83.412338, -77.205269, 595909000
-77.503242, -83.810059, -77.600998, 602762000
-78.516525, -84.114449, -77.917610, 607916000
-77.583488, -84.558578, -78.346176, 615256000
-78.292107, -84.942421, -78.721260, 621436000
-80.293121, -85.714890, -79.509720, 633764000
-80.698181, -86.027817, -79.840157, 638870000
-81.669647, -86.322723, -80.165756, 643750000
-82.192848, -86.629341, -80.506790, 648886000
-83.103416, -86.927223, -80.850655, 653824000
-80.387970, -87.237953, -81.145920, 658789000
-80.857903, -87.540565, -81.436722, 663602000
-82.382317, -87.848068, -81.756989, 668675000
-81.923988, -88.124626, -82.031357, 673424000
-82.172394, -88.476974, -82.379478, 679465000
-82.713020, -88.782257, -82.685326, 684504000
-83.033730, -89.069122, -82.973427, 689421000
-82.680946, -89.343246, -83.236221, 694454000
-83.480736, -89.767128, -83.656517, 702662000
-84.636963, -90.089478, -83.992035, 708915000
-84.553131, -90.335251, -84.244118, 713918000
-84.993645, -90.556694, -84.476128, 718877000
-85.238571, -90.762253, -84.692825, 723886000
-85.188698, -90.948845, -84.885605, 728732000
-86.077942, -91.150124, -85.106705, 733739000
-84.578545, -91.313370, -85.256126, 738601000
-85.824524, -91.481346, -85.432114, 743508000
-85.825882, -91.645081, -85.600449, 748334000
-86.549057, -91.800217, -85.771454, 753156000
-86.185631, -91.954109, -85.930550, 758123000
-86.513008, -92.144455, -86.128738, 764334000
-85.958878, -92.282982, -86.261101, 768998000
-85.679832, -92.426476, -86.390106, 773949000
-85.775047, -92.567993, -86.516495, 778910000
-85.974182, -92.727081, -86.661552, 784532000
-86.240547, -92.871498, -86.794662, 789630000
-86.955612, -93.009064, -86.932701, 794629000
-86.910011, -93.167099, -87.087120, 800583000
-86.999580, -93.349182, -87.263809, 807584000
-87.434235, -93.475624, -87.391136, 812623000
-87.626457, -93.599678, -87.517410, 817709000
-88.378136, -93.710274, -87.643013, 822292000
-87.573082, -93.835068, -87.763916, 827678000
-88.113571, -93.934738, -87.868584, 832728000
-88.362877, -94.041084, -87.982689, 838703000
-88.440269, -94.119614, -88.068802, 843673000
-88.074783, -94.189926, -88.137833, 848679000
-88.326149, -94.254707, -88.205086, 853545000
-88.791740, -94.317482, -88.278336, 858584000
-89.029816, -94.373077, -88.347847, 863531000
-88.450737, -94.416374, -88.392334, 868514000
-89.239166, -94.444862, -88.437187, 872245000
-89.497009, -94.477234, -88.490112, 877596000
-89.537529, -94.495956, -88.529411, 881232000
-89.388367, -94.507172, -88.557579, 887184000
-89.062965, -94.502373, -88.562981, 892211000
-89.099075, -94.489853, -88.561440, 896203000
-89.294212, -94.459518, -88.546364, 901373000
-89.146904, -94.401550, -88.501564, 907177000
-88.569313, -94.325897, -88.428780, 912208000
-88.560478, -94.228371, -88.335838, 917172000
-88.732468, -94.104118, -88.222008, 922417000
-88.777550, -93.925690, -88.058258, 928791000
-89.041016, -93.815575, -87.970001, 932384000
-88.597786, -93.620026, -87.790924, 937696000
-88.199226, -93.470619, -87.652672, 941441000
-88.513176, -93.273941, -87.477142, 946407000
-88.827858, -93.108467, -87.341995, 950611000
-88.648201, -92.898590, -87.162437, 955630000
-88.250793, -92.622673, -86.913803, 961830000
-87.404564, -92.391876, -86.697441, 966785000
-87.334755, -92.149185, -86.472351, 971756000
-86.057053, -91.837082, -86.158180, 976888000
-87.393776, -91.559105, -85.910477, 981862000
-86.259583, -91.228783, -85.593742, 987487000
-85.284943, -90.914505, -85.279572, 992477000
-84.995956, -90.577377, -84.943520, 997466000
-85.127495, -90.331749, -84.706490, 1110000
-85.265732, -89.873215, -84.268311, 7928000
-84.034508, -89.515686, -83.913254, 12879000
-83.861031, -89.154648, -83.558395, 17843000
-84.012199, -88.929276, -83.346611, 21032000
-83.552544, -88.530807, -82.960236, 26616000
-82.350273, -88.252640, -82.675430, 30372000
-82.271957, -87.945305, -82.366173, 34360000
-79.632919, -87.459641, -81.835556, 39630000
-80.679482, -87.106506, -81.466362, 43410000
-81.909874, -86.615120, -80.993675, 48721000
-81.077545, -86.157936, -80.547318, 53682000
-80.902557, -85.818024, -80.221306, 57535000
-79.652634, -85.337029, -79.738564, 62844000
-79.601448, -84.867302, -79.275490, 68000000
-80.313889, -84.536087, -78.971672, 71759000
-81.156342, -84.218353, -78.703987, 75683000
-78.276657, -83.772141, -78.258156, 80885000
-77.423233, -83.433205, -77.909302, 84745000
-78.132744, -82.941658, -77.432053, 90500000
-77.849854, -82.508987, -77.016396, 95593000
-76.383705, -82.108055, -76.610825, 100427000
-76.769867, -81.662262, -76.177132, 105591000
-74.433899, -81.025993, -75.518723, 112114000
-75.047470, -80.548859, -75.041702, 117092000
-74.664108, -80.206833, -74.698959, 120700000
-73.337112, -79.574142, -74.051689, 127158000
-73.536270, -79.109871, -73.586395, 132105000
-72.518402, -78.748039, -73.210442, 135871000
-72.175064, -78.216110, -72.668449, 141223000
-72.106621, -77.700722, -72.152130, 146285000
-71.585442, -77.308372, -71.756294, 150045000
-71.073540, -76.757591, -71.202873, 155260000
-71.032974, -76.360878, -70.810699, 159043000
-70.524994, -75.798836, -70.254189, 164347000
-69.389854, -75.224785, -69.674332, 169755000
-69.637024, -74.723953, -69.182762, 174515000
-69.742897, -74.225670, -68.705650, 179485000
-70.056725, -73.766151, -68.282349, 184473000
-68.695854, -73.331818, -67.864975, 189410000
-68.434662, -72.897141, -67.450386, 194927000
-67.078957, -72.514999, -67.068459, 199991000
-67.029129, -72.144577, -66.704659, 205001000
-65.773201, -71.774628, -66.323486, 209983000
-65.114090, -71.249283, -65.784462, 216939000
-65.343094, -70.951820, -65.484123, 220792000
-64.207451, -70.533501, -65.048637, 226169000
-64.161469, -70.253906, -64.756889, 229792000
-63.921032, -69.834343, -64.329002, 235166000
-64.713623, -69.422890, -63.933475, 240352000
-61.552967, -68.967926, -63.440002, 245302000
-64.997658, -68.546707, -63.058357, 250210000
-63.422569, -68.226006, -62.751354, 253921000
-62.044601, -67.742584, -62.263470, 259303000
-62.489544, -67.287323, -61.821838, 264468000
-62.230904, -67.002441, -61.550838, 267761000
-61.313061, -66.512360, -61.065804, 273427000
-60.953045, -66.067963, -60.628044, 278630000
-60.593231, -65.661171, -60.228695, 283594000
-59.790531, -65.338455, -59.903675, 287325000
-59.330002, -64.827400, -59.391369, 293115000
-58.999790, -64.371582, -58.936832, 298317000
-59.103703, -64.059319, -58.634159, 301947000
-59.343460, -63.610291, -58.208302, 307348000
-58.198624, -63.186996, -57.793278, 312479000
-57.316151, -62.726665, -57.332615, 318088000
-57.005005, -62.313499, -56.921158, 323161000
-56.396740, -61.906250, -56.511566, 328201000
-55.629845, -61.514111, -56.109638, 333136000
-55.469280, -61.016579, -55.609253, 339500000
-54.483250, -60.549103, -55.128609, 345503000
-54.604755, -60.097080, -54.675148, 351510000
-54.951591, -59.738091, -54.328869, 356451000
-53.389023, -59.376583, -53.955795, 361205000
-53.945415, -58.952263, -53.539753, 366602000
-54.391857, -58.570522, -53.182690, 371605000
-51.858280, -58.165966, -52.759739, 376606000
-52.500298, -57.766178, -52.362759, 381549000
-52.589756, -57.370102, -51.979145, 386460000
-51.717087, -56.961178, -51.573158, 391264000
-51.708355, -56.445572, -51.070572, 396871000
-52.590076, -56.009552, -50.673660, 401565000
-49.360039, -55.602154, -50.248138, 405961000
-50.741940, -55.111557, -49.777229, 411366000
-50.047157, -54.418289, -49.103226, 418664000
-50.272564, -53.865158, -48.584545, 424340000
-47.742004, -53.241531, -47.956543, 430972000
-47.786179, -52.822567, -47.542549, 435510000
-46.198986, -52.404625, -47.106098, 439946000
-48.000610, -52.000721, -46.728161, 444361000
-47.020283, -51.599594, -46.340900, 448742000
-45.450382, -51.183617, -45.915432, 453308000
-46.415123, -50.745327, -45.495903, 457988000
-44.904591, -50.346924, -45.093639, 462378000
-42.552715, -50.029690, -44.731934, 465809000
-45.610321, -49.638111, -44.365753, 470221000
-38.671581, -49.246284, -43.867878, 474213000
-45.391033, -48.861671, -43.521423, 478755000
-43.635628, -48.388485, -43.059982, 484402000
-42.812511, -47.925697, -42.601501, 489779000
-42.032558, -47.499466, -42.172417, 494574000
-43.574867, -47.034473, -41.744774, 499661000
-43.017651, -46.618404, -41.362484, 504065000
-42.796913, -46.201984, -40.983082, 508429000
-40.099327, -45.764103, -40.536285, 512945000
-40.886925, -45.348511, -40.136017, 517217000
-40.815372, -44.740532, -39.553783, 523308000
-40.268753, -44.284847, -39.121513, 527895000
-38.578007, -43.849224, -38.683735, 532314000
-39.116444, -43.380615, -38.233154, 536898000
-39.171879, -42.903572, -37.784424, 541463000
-39.141216, -42.429882, -37.347343, 546085000
-37.334492, -41.981323, -36.907497, 550409000
-35.738506, -40.290638, -35.227249, 566332000
-35.259899, -39.910091, -34.854965, 569635000
-35.691177, -39.473087, -34.443428, 573544000
-31.901558, -38.609276, -33.546055, 580834000
-34.469177, -37.947235, -32.915718, 586472000
-34.696850, -37.569305, -32.580971, 589726000
-33.861023, -36.872387, -31.923594, 595499000
-33.216328, -36.227612, -31.317568, 600549000
-33.106682, -35.787281, -30.921825, 604059000
-32.783825, -35.013317, -30.200579, 610045000
-31.661951, -34.428120, -29.656313, 614578000
-29.734674, -33.870583, -29.111496, 618939000
-28.513060, -32.986240, -28.232872, 625412000
-27.999346, -32.498070, -27.749794, 629061000
-29.198576, -31.909380, -27.201853, 633479000
-26.346771, -31.365768, -26.652012, 637389000
-25.778112, -30.935030, -26.212410, 640507000
-25.587164, -30.232122, -25.511057, 645784000
-25.746445, -29.640417, -24.935894, 650325000
-25.114231, -29.045610, -24.356550, 654811000
-25.615761, -28.327513, -23.677999, 660382000
-25.899582, -27.624155, -23.033142, 665838000
-22.549810, -27.041353, -22.452330, 670495000
-20.921635, -26.492588, -21.883926, 675054000
-22.929667, -25.976418, -21.398994, 679471000
-21.712883, -25.473322, -20.912239, 684036000
-22.250463, -25.039103, -20.513470, 688367000
-19.925272, -24.605183, -20.076466, 692833000
-21.217127, -24.107101, -19.611160, 698314000
-20.603170, -23.659777, -19.192623, 703493000
-21.396139, -23.270988, -18.855682, 708036000
-20.852585, -22.802832, -18.436827, 713665000
-19.927029, -22.424850, -18.096209, 718175000
-20.980515, -21.896784, -17.636391, 725160000
-18.085947, -21.481092, -17.238005, 730537000
-18.223207, -21.145287, -16.928619, 735156000
-17.465475, -20.818527, -16.619133, 739742000
-17.730776, -20.526339, -16.355022, 743898000
-18.022745, -20.196997, -16.065622, 748841000
-18.003265, -19.910213, -15.823328, 753270000
-16.152382, -19.594770, -15.520774, 757886000
-14.871804, -19.191257, -15.112351, 763658000
-19.016712, -18.937599, -14.941854, 767973000
-13.689487, -18.570229, -14.556783, 772697000
-16.747053, -18.076004, -14.116248, 779398000
-13.001646, -17.809376, -13.832661, 782836000
-13.537919, -17.455486, -13.479955, 787392000
-11.866934, -17.067007, -13.066984, 792457000
-13.577825, -16.803102, -12.818575, 796087000
-12.318460, -16.485735, -12.497554, 800607000
-14.267933, -16.119362, -12.173916, 806671000
-12.710664, -15.789025, -11.860921, 811232000
-14.309653, -15.503696, -11.630273, 815553000
-11.905671, -15.175663, -11.314308, 820230000
-11.599869, -14.863578, -11.014176, 824627000
-11.149108, -14.408427, -10.570827, 830910000
-10.001375, -14.116099, -10.272957, 834343000
-11.549872, -13.784912, -9.973931, 839119000
-8.915680, -13.480684, -9.654623, 843657000
-9.783260, -13.192721, -9.374992, 848410000
-9.131577, -12.842526, -9.026933, 853973000
-15.941897, -12.631914, -8.958833, 858368000
-10.926624, -12.287452, -8.660616, 863903000
-8.799027, -11.910372, -8.293846, 869706000
-11.990368, -11.584932, -8.048845, 875367000
-8.545652, -11.303823, -7.783295, 879731000
-8.853430, -11.019600, -7.526159, 884234000
-7.728709, -10.594707, -7.113815, 889754000
-7.986607, -10.148429, -6.693919, 895438000
-8.141847, -9.576281, -6.162173, 903046000
-7.668468, -9.114858, -5.740105, 908720000
-5.594625, -8.784289, -5.413239, 913097000
-5.570500, -8.440771, -5.079736, 917663000
-3.388840, -8.122589, -4.734099, 922086000
-6.165024, -7.841650, -4.487398, 926187000
-6.816522, -7.194927, -3.900191, 935501000
-6.138567, -6.964160, -3.718808, 938476000
-3.482243, -6.524957, -3.283658, 943658000
-3.605941, -6.149674, -2.922326, 948016000
-4.705551, -5.759153, -2.575279, 952617000
-3.555357, -5.375381, -2.218785, 957111000
-1.736680, -5.084722, -1.924297, 960533000
-1.577384, -4.711736, -1.551832, 965236000
-2.115082, -4.392869, -1.250608, 969447000
-1.840167, -4.065736, -0.941808, 974058000
-1.081082, -3.775597, -0.660258, 978461000
-0.384564, -3.480087, -0.365144, 982930000
-1.772076, -3.231951, -0.150110, 987473000
-0.213600, -2.994742, 0.081086, 991870000
-0.310077, -2.769066, 0.294425, 996554000
1.104739, -2.659958, 0.417557, 999934000
0.073248, -2.571436, 0.497422, 4618000
-0.181146, -2.503762, 0.550171, 10322000
-0.539583, -2.465710, 0.565667, 13745000
-0.745184, -2.414969, 0.589176, 18158000
-0.055357, -2.343239, 0.646581, 23114000
-0.619635, -2.287788, 0.675599, 26169000
-0.498483, -2.166575, 0.770906, 31366000
-0.438428, -2.069010, 0.842334, 35723000
-0.332484, -1.959381, 0.926273, 40286000
0.111830, -1.858692, 1.008660, 44734000
-0.691464, -1.729964, 1.100811, 50147000
0.312243, -1.619611, 1.193185, 54897000
2.061401, -1.572819, 1.256406, 60437000
0.407881, -1.541340, 1.270285, 65057000
0.265170, -1.500860, 1.289853, 69580000
0.289782, -1.470653, 1.299455, 72882000
0.633451, -1.431015, 1.324980, 77825000
0.657834, -1.351156, 1.389899, 83285000
0.150983, -1.250899, 1.463372, 88976000
-0.439368, -1.172062, 1.502578, 93510000
0.049602, -1.069785, 1.573750, 98016000
0.502908, -0.972016, 1.648146, 102517000
0.585303, -0.855043, 1.741523, 108026000
0.602602, -0.713894, 1.857071, 113175000
1.074724, -0.599454, 1.953575, 117755000
1.118669, -0.491978, 2.042204, 122153000
2.759054, -0.481085, 2.067216, 125390000
1.597708, -0.464399, 2.074178, 130154000
1.570264, -0.449937, 2.078273, 135523000
1.142462, -0.439589, 2.069698, 139940000
1.069337, -0.430280, 2.058813, 144686000
1.215248, -0.424451, 2.047653, 149050000
1.154828, -0.420286, 2.033879, 152617000
1.407744, -0.416141, 2.025418, 157421000
1.131321, -0.412541, 2.011065, 161829000
1.195744, -0.407580, 1.999620, 167579000
1.352817, -0.404108, 1.990086, 171994000
1.527283, -0.399671, 1.985178, 177748000
1.524896, -0.394763, 1.980783, 183151000
1.417518, -0.389809, 1.974373, 187690000
1.264180, -0.385635, 1.964260, 192064000
1.250889, -0.383806, 1.951784, 195638000
1.290686, -0.381440, 1.940881, 200404000
1.130711, -0.371875, 1.934051, 204995000
2.057693, -0.368731, 1.939605, 209621000
1.297415, -0.366925, 1.928532, 213049000
1.535814, -0.371459, 1.916234, 219056000
1.288284, -0.375435, 1.899778, 223591000
1.494912, -0.379420, 1.887776, 228216000
1.637492, -0.383739, 1.878538, 232676000
1.350935, -0.388682, 1.863142, 237780000
1.330242, -0.393496, 1.847766, 242195000
1.371479, -0.398789, 1.833053, 246732000
1.323213, -0.404151, 1.817601, 251099000
1.460777, -0.408666, 1.806040, 255551000
1.259781, -0.413135, 1.790735, 260166000
1.375242, -0.420641, 1.775070, 266435000
1.468830, -0.425255, 1.764424, 270551000
1.274052, -0.432367, 1.747646, 276344000
1.311639, -0.436034, 1.735333, 282002000
0.992585, -0.438580, 1.717982, 288557000
1.268854, -0.442286, 1.705369, 292935000
1.489009, -0.446325, 1.697083, 297542000
1.475028, -0.453425, 1.685684, 302986000
1.357037, -0.459945, 1.672721, 307710000
1.399494, -0.466293, 1.661035, 312114000
1.294732, -0.472115, 1.648004, 317170000
1.416463, -0.476939, 1.638646, 321656000
1.171644, -0.482112, 1.624236, 326271000
1.311903, -0.486420, 1.613767, 331653000
1.471131, -0.490121, 1.607288, 336366000
1.378733, -0.493642, 1.599267, 342693000
1.312695, -0.495347, 1.591864, 347082000
1.447188, -0.500724, 1.583702, 353798000
1.272142, -0.502973, 1.575266, 356840000
1.321902, -0.504928, 1.568283, 362078000
1.524461, -0.508698, 1.563712, 366453000
1.230914, -0.511528, 1.554283, 371995000
1.295807, -0.515896, 1.544832, 377558000
1.388599, -0.519285, 1.538386, 383332000
1.235077, -0.522839, 1.528837, 387948000
1.503427, -0.526700, 1.524545, 392351000
1.420421, -0.530596, 1.518645, 396954000
1.394984, -0.535431, 1.511433, 401327000
1.250360, -0.586902, 1.455770, 405728000
0.631348, -0.594264, 1.432067, 409943000
0.427435, -0.595859, 1.410411, 414597000
1.402743, -0.601676, 1.404557, 418048000
1.169870, -0.609789, 1.391913, 423560000
1.448362, -0.613657, 1.389252, 428391000
1.526633, -0.622331, 1.383498, 433994000
1.346936, -0.624388, 1.380751, 437691000
1.278526, -0.624656, 1.378445, 444806000
1.144554, -0.622077, 1.376294, 450000000
1.395561, -0.617100, 1.381557, 455134000
1.143067, -0.613503, 1.380312, 459991000
1.194147, -0.608227, 1.381760, 467584000
1.180461, -0.608042, 1.377915, 472365000
1.292038, -0.607799, 1.376435, 478635000
1.303010, -0.609193, 1.373601, 483581000
1.357548, -0.611386, 1.371131, 488631000
1.511817, -0.614073, 1.371311, 493461000
1.487432, -0.632855, 1.355227, 498415000
1.238714, -0.632935, 1.352818, 501989000
1.387861, -0.634260, 1.352221, 507261000
1.285589, -0.636337, 1.348853, 512219000
1.487883, -0.639162, 1.348865, 516203000
1.438084, -0.641951, 1.347916, 519440000
1.417423, -0.647862, 1.343514, 525544000
1.286129, -0.653560, 1.336782, 529415000
1.270226, -0.662160, 1.327023, 534564000
1.326868, -0.668524, 1.320783, 538240000
1.453497, -0.676118, 1.315995, 543996000
1.435478, -0.686576, 1.308136, 548910000
1.453265, -0.695937, 1.301865, 553800000
1.141250, -0.703878, 1.290870, 558830000
1.369461, -0.710702, 1.285755, 562423000
1.172824, -0.715228, 1.279061, 567676000
1.441617, -0.718875, 1.278738, 572933000
1.226977, -0.720992, 1.275628, 576845000
1.434528, -0.724012, 1.275846, 581992000
1.423309, -0.726744, 1.276118, 585686000
1.107257, -0.728903, 1.270625, 589364000
1.222868, -0.735040, 1.263656, 594914000
1.440677, -0.740471, 1.261874, 599759000
1.611186, -0.744308, 1.265100, 603328000
1.409937, -0.750402, 1.262025, 608620000
1.548900, -0.756358, 1.261926, 612467000
1.122349, -0.766344, 1.249348, 617725000
1.366910, -0.772174, 1.245986, 621418000
1.247983, -0.782008, 1.236388, 627000000
1.141904, -0.786910, 1.229694, 631983000
1.276120, -0.792296, 1.225345, 636922000
1.316900, -0.795789, 1.223753, 641745000
1.139733, -0.795313, 1.222539, 648625000
1.655253, -0.797572, 1.228979, 652197000
1.692817, -0.799709, 1.236162, 657487000
1.250206, -0.800637, 1.235533, 661184000
1.284853, -0.803912, 1.233310, 666488000
1.371731, -0.805918, 1.234113, 670194000
1.341261, -0.811644, 1.230644, 675234000
1.127961, -0.817887, 1.222472, 680136000
1.327648, -0.824435, 1.218158, 684987000
1.672803, -0.838178, 1.213784, 689843000
1.456278, -0.847560, 1.209440, 693429000
1.436901, -0.859107, 1.202672, 698704000
1.173118, -0.869004, 1.192383, 703388000
1.285049, -0.878352, 1.185075, 707571000
1.234232, -0.886701, 1.177876, 711385000
1.130559, -0.895442, 1.168363, 715167000
1.074408, -0.918724, 1.143668, 720384000
1.118625, -0.926852, 1.135202, 724046000
1.198929, -0.938535, 1.125027, 729346000
1.147887, -0.948636, 1.115585, 733577000
1.336880, -0.958596, 1.110251, 737255000
1.262809, -0.971163, 1.100986, 742144000
1.520087, -0.988677, 1.092204, 749039000
1.233627, -1.003273, 1.080729, 753958000
1.400229, -1.015500, 1.075136, 757512000
1.233105, -1.034644, 1.059534, 762708000
1.299553, -1.057362, 1.042072, 767566000
1.170034, -1.084642, 1.017896, 771500000
0.954552, -1.104727, 0.996946, 776496000
1.216384, -1.120416, 0.985959, 780585000
1.321640, -1.140065, 0.973417, 785940000
1.203586, -1.159103, 0.959363, 790882000
1.225000, -1.173872, 0.950203, 794598000
1.207235, -1.193911, 0.935704, 799699000
1.141058, -1.207964, 0.926040, 803376000
1.100840, -1.221688, 0.916087, 807212000
1.078500, -1.239002, 0.902367, 812503000
0.956953, -1.251044, 0.891658, 817679000
0.757508, -1.256783, 0.883350, 821499000
1.028915, -1.261116, 0.882016, 826712000
0.764862, -1.261212, 0.879578, 831013000
0.810306, -1.259060, 0.880302, 835097000
0.912785, -1.254345, 0.885572, 840201000
0.245174, -1.248170, 0.878816, 844988000
1.190098, -1.237813, 0.895192, 851608000
1.084180, -1.228351, 0.908244, 856587000
1.037917, -1.220272, 0.918755, 861557000
0.915967, -1.214164, 0.924684, 866466000
1.035324, -1.208757, 0.932196, 871285000
1.120755, -1.205848, 0.938819, 874847000
1.174590, -1.202513, 0.946802, 879984000
1.021558, -1.198203, 0.952521, 884980000
1.402913, -1.194163, 0.965488, 890020000
1.126314, -1.189959, 0.972825, 894809000
1.086691, -1.184607, 0.980347, 899712000
0.998504, -1.179355, 0.985857, 904662000
1.166010, -1.172701, 0.995981, 909587000
1.143701, -1.164824, 1.006656, 914388000
1.410666, -1.157828, 1.021591, 919137000
1.002154, -1.150916, 1.027977, 923929000
1.685523, -1.145670, 1.046269, 928735000
1.114652, -1.144484, 1.048799, 936885000
1.342543, -1.143726, 1.055416, 940845000
1.209534, -1.143976, 1.058253, 944519000
1.187775, -1.144960, 1.059880, 949688000
1.306712, -1.146485, 1.063322, 955413000
1.439736, -1.147350, 1.070003, 960357000
1.504061, -1.148675, 1.077385, 965329000
1.190388, -1.153444, 1.074972, 970254000
1.199218, -1.158160, 1.072835, 975124000
1.127226, -1.163011, 1.069169, 980133000
1.087317, -1.167960, 1.064682, 985087000
1.156326, -1.171802, 1.062750, 989980000
1.267187, -1.173389, 1.065283, 996297000
1.360854, -1.174031, 1.070566, 1267000
1.213539, -1.176731, 1.070778, 6258000
1.301949, -1.179506, 1.072682, 11112000
1.257924, -1.182889, 1.073072, 15988000
1.031508, -1.186036, 1.069157, 19187000
1.049538, -1.192165, 1.062758, 24242000
1.291236, -1.195921, 1.063646, 28453000
1.082607, -1.202900, 1.057187, 33999000
1.144897, -1.208463, 1.053489, 38962000
1.091685, -1.212071, 1.050717, 42519000
1.244845, -1.218932, 1.047875, 47843000
1.206396, -1.223150, 1.046912, 51506000
1.505607, -1.229392, 1.049969, 57230000
1.187192, -1.233541, 1.048647, 62223000
1.021079, -1.238293, 1.043439, 67130000
1.111580, -1.240229, 1.042905, 72112000
1.113425, -1.241699, 1.042875, 77063000
1.197194, -1.244138, 1.043572, 81838000
1.452335, -1.246122, 1.049802, 86753000
1.220743, -1.250432, 1.048997, 93733000
1.233911, -1.252483, 1.050686, 98005000
1.189228, -1.255352, 1.050645, 102769000
1.349585, -1.258130, 1.053901, 107763000
1.067841, -1.260384, 1.051971, 111325000
1.200660, -1.264694, 1.050721, 116240000
1.261159, -1.268112, 1.051580, 120208000
1.021908, -1.271283, 1.047880, 123954000
1.314538, -1.273895, 1.050652, 127639000
1.030437, -1.278066, 1.046160, 132396000
1.074724, -1.281866, 1.043008, 137142000
1.025333, -1.283863, 1.040698, 140940000
1.105164, -1.285170, 1.040706, 146141000
1.263906, -1.286337, 1.044027, 149878000
1.191257, -1.287830, 1.045508, 153576000
1.131465, -1.289819, 1.045278, 159132000
1.203534, -1.292495, 1.045821, 163941000
1.158716, -1.293887, 1.046714, 168883000
1.032479, -1.296309, 1.044056, 173927000
1.176938, -1.299396, 1.043688, 178807000
1.195871, -1.301694, 1.044480, 183749000
1.238722, -1.303260, 1.046830, 188765000
1.122961, -1.305723, 1.045939, 193589000
1.398268, -1.306530, 1.052194, 198644000
1.342030, -1.307157, 1.057377, 203498000
1.232314, -1.306731, 1.061293, 208547000
1.256553, -1.305271, 1.066629, 213444000
1.166831, -1.304703, 1.069190, 217349000
1.228948, -1.298859, 1.078112, 224503000
1.202098, -1.294093, 1.085262, 229931000
1.069104, -1.289801, 1.089146, 234737000
0.896664, -1.284329, 1.090659, 239681000
1.053580, -1.279894, 1.094263, 244482000
1.250760, -1.275439, 1.101759, 249386000
1.351393, -1.269922, 1.112159, 254303000
1.217802, -1.266202, 1.117917, 257860000
1.319774, -1.259397, 1.128623, 264770000
1.165835, -1.256052, 1.132645, 268452000
1.290700, -1.250799, 1.140954, 271624000
1.049860, -1.241359, 1.148383, 277324000
1.393272, -1.232359, 1.162102, 282474000
1.233669, -1.225891, 1.169872, 286020000
1.251591, -1.218548, 1.178702, 291005000
1.222038, -1.215426, 1.182628, 295930000
1.496261, -1.214725, 1.189588, 300749000
1.293373, -1.214390, 1.191992, 306962000
1.502918, -1.213313, 1.199266, 313078000
1.446291, -1.213652, 1.203874, 318046000
1.197773, -1.213843, 1.203565, 323128000
1.420771, -1.194788, 1.226584, 328173000
1.312695, -1.194300, 1.228783, 331914000
1.318469, -1.192690, 1.232155, 336815000
1.159312, -1.191041, 1.232315, 342978000
1.424269, -1.190892, 1.236300, 346829000
1.513797, -1.190456, 1.242276, 351983000
1.311111, -1.190425, 1.243684, 355792000
1.474571, -1.191095, 1.247645, 360976000
1.431410, -1.165090, 1.276805, 367833000
1.310582, -1.166254, 1.276340, 372763000
1.197773, -1.168781, 1.272292, 377713000
1.315327, -1.171175, 1.270807, 382264000
1.412644, -1.173302, 1.271559, 386195000
1.368664, -1.175705, 1.271146, 391365000
1.377738, -1.178053, 1.270977, 396416000
1.203534, -1.179106, 1.268596, 399962000
1.411151, -1.181359, 1.269239, 403611000
1.350012, -1.184261, 1.268011, 408687000
1.414296, -1.186863, 1.268387, 413635000
1.348476, -1.189182, 1.267716, 418624000
1.277854, -1.190622, 1.266508, 423472000
1.201811, -1.192500, 1.263373, 428504000
1.445826, -1.194380, 1.265180, 432079000
1.328428, -1.196163, 1.264698, 436854000
1.336363, -1.198738, 1.263608, 441130000
1.451847, -1.201566, 1.264601, 445600000
1.441617, -1.204012, 1.265744, 450120000
1.404615, -1.205352, 1.267208, 453101000
1.143067, -1.208248, 1.261887, 457911000
1.303541, -1.211828, 1.259212, 462960000
1.484307, -1.214186, 1.261403, 467578000
1.175178, -1.215628, 1.258266, 471440000
1.373238, -1.218809, 1.257447, 475742000
1.261435, -1.221339, 1.255047, 479164000
1.382640, -1.225309, 1.253709, 483941000
1.359585, -1.228712, 1.252492, 488449000
1.366408, -1.231637, 1.251903, 492964000
1.461009, -1.233850, 1.253917, 496154000
1.369461, -1.237080, 1.253063, 501258000
1.626789, -1.239747, 1.257924, 505687000
1.556490, -1.242794, 1.260909, 511164000
1.466313, -1.245518, 1.262347, 522708000
1.272415, -1.246240, 1.261841, 526221000
1.250483, -1.250225, 1.257708, 534267000
1.330759, -1.251234, 1.258180, 538839000
1.080071, -1.252801, 1.253083, 543410000
1.312168, -1.256021, 1.251109, 549532000
1.359331, -1.258475, 1.250869, 554812000
1.413814, -1.259748, 1.252880, 564668000
1.552289, -1.263151, 1.255533, 572789000
1.213254, -1.265354, 1.252529, 576356000
1.398759, -1.267053, 1.253788, 580013000
1.302745, -1.268628, 1.253224, 585057000
1.314569, -1.271711, 1.251430, 590597000
1.343055, -1.272822, 1.252173, 594157000
1.639994, -1.273693, 1.259076, 600188000
1.187192, -1.274553, 1.256796, 604710000
1.450001, -1.276392, 1.258857, 609443000
1.299553, -1.281223, 1.254937, 616113000
1.363638, -1.282872, 1.255495, 619548000
1.328428, -1.288912, 1.251035, 625503000
1.529227, -1.293875, 1.251735, 631367000
1.387861, -1.299840, 1.248612, 636166000
1.593035, -1.311915, 1.243666, 644914000
1.425943, -1.317101, 1.242230, 648671000
1.402426, -1.322034, 1.240600, 652022000
1.395314, -1.327222, 1.238610, 655660000
1.411151, -1.331930, 1.237446, 658997000
1.338430, -1.336551, 1.234938, 662856000
1.382890, -1.365718, 1.209313, 684711000
1.465164, -1.369658, 1.210569, 687842000
1.274868, -1.373769, 1.207826, 691070000
1.246677, -1.377465, 1.204982, 694660000
1.403157, -1.385549, 1.201023, 701775000
1.335326, -1.392095, 1.197293, 707460000
1.353072, -1.398299, 1.194329, 712642000
1.389093, -1.409942, 1.186815, 723470000
1.337397, -1.413794, 1.186051, 726688000
1.333248, -1.417430, 1.185431, 730220000
1.279871, -1.420398, 1.184