1.569082, 0.398760, 0.422167, 239547000
1.544070, 0.406697, 0.452383, 244229000
1.640516, 0.395510, 0.465182, 248675000
1.754581, 0.400045, 0.495414, 253105000
1.658072, 0.402484, 0.521058, 256296000
1.694150, 0.405634, 0.547607, 259675000
1.664746, 0.411019, 0.575227, 263033000
1.553142, 0.416655, 0.600308, 266388000
1.850299, 0.421808, 0.630358, 269374000
1.668324, 0.426807, 0.656017, 272350000
1.860908, 0.432488, 0.685682, 275350000
1.583331, 0.439764, 0.710766, 278292000
1.616968, 0.446792, 0.735776, 281320000
1.636576, 0.452362, 0.759251, 284411000
1.823191, 0.457024, 0.785099, 287526000
1.788041, 0.462347, 0.810375, 290910000
1.700476, 0.467129, 0.832863, 294350000
1.638628, 0.472146, 0.853895, 297702000
1.604718, 0.476053, 0.872740, 301067000
1.850883, 0.479355, 0.895539, 304199000
1.737252, 0.474988, 0.908093, 308236000
1.004486, 0.465409, 0.900634, 311687000
-0.908308, 0.449708, 0.849068, 314825000
3.601674, 0.440746, 0.895337, 318222000
4.944303, 0.430076, 0.965861, 321569000
3.781017, 0.418573, 1.010890, 324660000
1.954295, 0.402211, 1.013724, 329893000
2.114527, 0.392488, 1.026211, 333358000
1.738463, 0.384566, 1.032693, 336821000
1.878886, 0.379784, 1.044931, 340231000
1.572670, 0.375650, 1.051433, 343349000
1.740528, 0.368050, 1.057768, 346810000
1.684460, 0.339536, 1.042358, 358496000
1.987219, 0.316506, 1.038685, 363430000
1.897869, 0.284586, 1.024588, 368484000
1.756402, 0.261472, 1.016573, 373279000
1.238259, 0.261031, 1.020574, 376935000
1.457155, 0.240512, 1.009197, 382129000
2.037724, 0.201501, 0.991537, 385934000
2.264834, 0.186182, 1.001990, 391193000
0.875289, 0.187073, 1.000329, 395061000
1.407104, 0.194627, 1.015868, 399910000
1.731434, 0.196565, 1.032078, 404972000
1.629214, 0.197715, 1.045148, 408545000
1.590450, 0.198144, 1.056474, 414063000
1.966638, 0.191336, 1.068006, 419197000
1.769470, 0.146144, 1.037747, 423944000
1.508460, 0.109287, 1.011042, 428728000
1.439692, 0.092262, 1.002930, 435794000
2.084810, 0.089033, 1.021403, 439513000
1.579775, 0.076946, 1.020725, 444905000
1.689686, 0.056284, 1.013856, 449795000
1.436208, 0.030525, 0.997060, 454912000
1.487312, 0.002391, 0.979293, 459740000
3.908084, -0.095955, 0.941489, 464683000
1.037876, -0.163500, 0.877223, 470539000
2.168087, -0.255229, 0.813146, 476699000
2.633884, -0.436888, 0.671535, 481635000
1.054177, -0.577589, 0.541301, 486561000
1.476170, -0.685750, 0.454000, 490125000
0.184114, -0.776867, 0.359308, 495481000
0.872571, -0.838665, 0.309011, 499277000
0.745051, -0.923792, 0.234308, 504611000
1.482196, -0.984252, 0.200014, 508436000
0.628052, -1.055735, 0.138522, 513562000
0.196497, -1.090122, 0.105982, 517363000
0.353215, -1.116358, 0.085215, 521022000
0.637187, -1.150927, 0.062377, 526172000
0.501705, -1.204799, 0.018369, 531380000
0.517361, -1.237450, -0.003649, 536613000
0.407765, -1.264340, -0.021773, 542227000
0.376333, -1.281966, -0.031084, 547103000
0.433021, -1.295164, -0.034736, 552651000
0.442910, -1.302247, -0.032125, 556197000
0.440669, -1.311122, -0.031366, 561303000
0.511196, -1.321073, -0.030266, 566173000
0.554772, -1.331325, -0.028613, 571045000
0.428440, -1.346684, -0.034524, 575910000
0.511080, -1.364626, -0.041195, 580731000
0.204536, -1.382377, -0.053676, 585520000
0.155415, -1.398528, -0.065322, 590290000
0.464113, -1.409650, -0.065634, 593531000
0.335961, -1.546136, -0.191357, 616413000
-0.097273, -1.575678, -0.218427, 620046000
2.281079, -1.649667, -0.240947, 625346000
1.003117, -1.695053, -0.260544, 630440000
0.035785, -1.749709, -0.308180, 637277000
0.187661, -1.822634, -0.369730, 645828000
0.452504, -1.852910, -0.382955, 649813000
-0.023057, -1.883088, -0.405332, 653917000
-0.093261, -1.917939, -0.433244, 659805000
0.052091, -1.966629, -0.471253, 668031000
-0.079113, -1.999627, -0.495749, 674770000
-0.051881, -2.024185, -0.510939, 680800000
-0.172319, -2.039002, -0.518686, 684411000
-0.118395, -2.055780, -0.527124, 689033000
-0.347274, -2.070495, -0.537948, 696026000
-0.189040, -2.075414, -0.535790, 699572000
-0.845458, -2.079010, -0.545507, 703260000
-0.213906, -2.085365, -0.545103, 708108000
-0.141774, -2.089192, -0.540787, 712159000
-0.046842, -2.087426, -0.529177, 718221000
-0.004505, -2.084473, -0.515790, 723047000
0.107325, -2.080007, -0.498951, 726795000
-0.234849, -2.069675, -0.483544, 731921000
-0.856594, -2.043414, -0.465269, 735779000
-0.327060, -2.014631, -0.434297, 742789000
0.134730, -1.999085, -0.407682, 746575000
0.283179, -1.983141, -0.378240, 751720000
-0.134612, -1.971797, -0.362250, 756844000
0.260691, -1.963535, -0.341694, 760404000
-0.722205, -1.953257, -0.339232, 765542000
0.124596, -1.950003, -0.326767, 770731000
0.176678, -1.947984, -0.314719, 774398000
0.271167, -1.946067, -0.301123, 779404000
0.008400, -1.944090, -0.292995, 784368000
0.017933, -1.936148, -0.278993, 790558000
1.428065, -1.908124, -0.217388, 797931000
-0.084969, -1.854856, -0.162537, 803049000
0.606237, -1.834026, -0.126749, 808066000
-0.080276, -1.810420, -0.102685, 813039000
0.606131, -1.807293, -0.085444, 817908000
1.370357, -1.806815, -0.055859, 821778000
0.466603, -1.805967, -0.044579, 826786000
0.678421, -1.804643, -0.028822, 829668000
0.428659, -1.817886, -0.032651, 834931000
0.447878, -1.801678, -0.007156, 838018000
0.560792, -1.792960, 0.012746, 843353000
0.439944, -1.793547, 0.020715, 847668000
0.351304, -1.798352, 0.022618, 852109000
0.409291, -1.804133, 0.024686, 856792000
0.257138, -1.809886, 0.023697, 859885000
0.568623, -1.822226, 0.022503, 865039000
0.527832, -1.833522, 0.021539, 869422000
0.548199, -1.844325, 0.021485, 873934000
0.409587, -1.856511, 0.017305, 878474000
0.367596, -1.870213, 0.010883, 882966000
0.534967, -1.878060, 0.013675, 886515000
0.499757, -1.893116, 0.008641, 891284000
0.221254, -1.909058, -0.002730, 895950000
0.526185, -1.938030, -0.020545, 901285000
0.326451, -1.961657, -0.036759, 905827000
1.055297, -1.943173, 0.003197, 910312000
-0.405208, -1.960652, -0.022100, 913392000
4.997070, -1.916162, 0.121883, 918702000
0.910984, -1.917579, 0.136276, 924197000
0.327968, -1.918287, 0.139416, 927114000
0.339209, -1.917192, 0.144485, 932206000
0.777497, -1.920283, 0.154116, 936717000
0.371048, -1.922343, 0.156436, 941086000
0.372934, -1.916972, 0.166030, 947146000
0.748554, -1.916898, 0.177753, 951570000
0.266673, -1.916054, 0.180358, 955004000
0.540640, -1.916732, 0.186900, 959484000
0.521992, -1.917183, 0.193159, 963226000
0.485522, -1.923879, 0.192444, 968001000
1.353061, -1.930819, 0.208856, 972336000
0.281150, -1.937220, 0.204028, 976901000
0.510498, -1.936744, 0.210625, 981306000
0.824780, -1.949448, 0.210457, 985934000
0.412053, -1.961998, 0.202191, 990382000
0.453595, -1.975299, 0.194184, 994657000
0.278316, -1.987875, 0.183541, 999213000
0.484302, -1.997730, 0.179899, 2650000
0.496802, -2.018248, 0.166130, 8350000
0.315724, -2.095328, 0.093583, 12743000
-0.269987, -2.140491, 0.042052, 17533000
0.554618, -2.180433, 0.013159, 21611000
0.045461, -2.230067, -0.034836, 26833000
-0.006337, -2.266701, -0.070167, 31239000
0.462980, -2.311367, -0.103276, 35743000
0.077581, -2.371084, -0.158183, 41127000
-0.168452, -2.441999, -0.227884, 47086000
-0.298624, -2.491204, -0.277520, 51504000
0.310744, -2.545268, -0.318738, 55794000
-0.133204, -2.602625, -0.371237, 60373000
-0.536248, -2.649437, -0.420413, 64994000
0.246947, -2.693285, -0.450037, 69342000
-0.755206, -2.731278, -0.493374, 72820000
0.679098, -2.780942, -0.518595, 77593000
-0.551390, -2.816956, -0.554544, 80970000
-0.292974, -2.884638, -0.615642, 85740000
-0.757925, -2.932449, -0.665342, 90185000
-0.945569, -3.010947, -0.747875, 94605000
-3.028064, -3.047781, -0.829575, 98782000
-2.090013, -3.080496, -0.886845, 103335000
-0.787756, -3.105130, -0.909005, 106853000
-0.532966, -3.131043, -0.926878, 111265000
-0.592066, -3.155042, -0.943702, 115198000
-0.206974, -3.194038, -0.967183, 119722000
-1.680571, -3.206192, -0.993361, 124174000
-0.723474, -3.209386, -0.991094, 129053000
-0.097052, -3.213454, -0.977200, 133430000
-0.475825, -3.213554, -0.967271, 136900000
-0.415188, -3.217244, -0.959846, 141559000
-0.471318, -3.222095, -0.954829, 145980000
-0.558648, -3.229567, -0.954228, 152186000
-0.754303, -3.235458, -0.956003, 157709000
-0.650944, -3.240520, -0.954862, 163438000
-0.669503, -3.243775, -0.952345, 169379000
-0.578856, -3.246149, -0.947202, 174954000
-0.587054, -3.248886, -0.942680, 180404000
-0.335623, -3.250455, -0.932077, 185099000
-0.675562, -3.251928, -0.928390, 189504000
-0.561273, -3.252656, -0.921762, 193882000
-0.371962, -3.254721, -0.912789, 198563000
-0.661787, -3.257024, -0.910026, 203015000
-0.446866, -3.254273, -0.898067, 207512000
-0.635019, -3.207830, -0.847292, 214113000
1.030363, -3.200866, -0.802914, 217174000
-0.529693, -3.181310, -0.778285, 222258000
-0.223629, -3.174822, -0.760833, 226683000
-0.297078, -3.165317, -0.742243, 231623000
-0.341569, -3.161905, -0.730886, 236000000
-0.372287, -3.160794, -0.722625, 240524000
-0.376011, -3.162742, -0.717602, 243984000
-0.351348, -3.168598, -0.716017, 248728000
-0.373312, -3.178107, -0.718481, 254668000
-0.278160, -3.183155, -0.714622, 259334000
-0.345914, -3.187479, -0.711485, 263634000
-0.632017, -3.179645, -0.702218, 268019000
-0.727823, -3.186318, -0.709270, 272532000
-0.414665, -3.186658, -0.703711, 277070000
-0.438424, -3.186265, -0.698020, 281295000
-0.374965, -3.180814, -0.686217, 285869000
-0.891772, -3.183606, -0.693064, 290235000
-0.102920, -3.188124, -0.685690, 294728000
-0.400379, -3.191175, -0.682973, 297808000
-0.520553, -3.196240, -0.684688, 303085000
-0.220882, -3.211680, -0.690544, 307645000
-0.433043, -3.225540, -0.698977, 312014000
-0.432155, -3.238646, -0.706484, 316659000
-0.323398, -3.254054, -0.713921, 321051000
-0.439726, -3.271902, -0.725929, 325353000
-0.460185, -3.290270, -0.738614, 329534000
-0.128047, -3.312867, -0.748548, 334806000
-0.500946, -3.338299, -0.768519, 338229000
-0.520938, -3.376951, -0.801447, 343266000
-0.502844, -3.416275, -0.834012, 347672000
-0.749232, -3.442684, -0.858198, 350621000
-0.637314, -3.505976, -0.915806, 357323000
-0.525117, -3.544335, -0.945584, 361599000
-0.492078, -3.574869, -0.966437, 366117000
-4.291326, -3.638222, -1.095021, 371782000
-0.983773, -3.739622, -1.192168, 376492000
-2.315379, -3.809853, -1.283459, 380802000
-1.333519, -3.864123, -1.337644, 385124000
-0.390358, -3.924735, -1.378099, 389382000
1.627510, -3.982152, -1.374256, 393763000
-0.504306, -4.038547, -1.412123, 398056000
-1.121923, -4.096234, -1.462853, 402617000
-0.976349, -4.131823, -1.488000, 407191000
-1.320111, -4.161095, -1.513329, 410575000
-1.684567, -4.174516, -1.529906, 415437000
-1.571685, -4.189585, -1.545509, 418797000
-1.372249, -4.206341, -1.558465, 423512000
-1.223231, -4.215813, -1.561042, 428013000
-1.163473, -4.223660, -1.560781, 431421000
-1.215388, -4.235761, -1.565732, 436230000
-1.050921, -4.241212, -1.560779, 440758000
-2.740321, -4.254232, -1.597129, 444406000
-0.305269, -4.262208, -1.579109, 449119000
-0.947237, -4.266983, -1.571150, 453411000
-1.061539, -4.267721, -1.561681, 459528000
-1.235748, -4.267975, -1.555412, 463797000
-1.300251, -4.267618, -1.549958, 468396000
-1.162297, -4.266543, -1.541152, 471734000
-1.291278, -4.266054, -1.535675, 476255000
-1.315543, -4.266115, -1.531332, 480634000
-1.322315, -4.267349, -1.528361, 485151000
-1.186494, -4.268317, -1.522473, 489407000
-1.222807, -4.275811, -1.523823, 494001000
-1.195852, -4.280352, -1.521715, 498384000
-1.486987, -4.281828, -1.522466, 502799000
-1.162297, -4.286182, -1.519530, 506200000
-1.003595, -4.294270, -1.517137, 510979000
-1.221219, -4.299874, -1.516711, 514447000
-1.320029, -4.307962, -1.520704, 519974000
-1.168453, -4.312323, -1.517933, 523739000
-1.215388, -4.317342, -1.516800, 526759000
-1.390517, -4.325238, -1.522012, 531837000
-0.989153, -4.342988, -1.528750, 536768000
-1.295899, -4.367743, -1.548353, 543794000
-1.359798, -4.382279, -1.558827, 548011000
-1.177552, -4.397707, -1.566321, 552208000
-1.461479, -4.416112, -1.582262, 557847000
-1.242993, -4.429275, -1.588376, 561996000
-1.439333, -4.454994, -1.610600, 567731000
-1.186406, -4.472703, -1.619470, 572338000
-1.639793, -4.488965, -1.635814, 576994000
-1.098179, -4.513738, -1.649339, 581313000
-0.616848, -4.527238, -1.641919, 585761000
-1.141547, -4.545820, -1.650122, 590143000
-1.587523, -4.557652, -1.660466, 593516000
-1.136418, -4.592433, -1.684071, 599288000
-1.827359, -4.614407, -1.708471, 603965000
-1.556391, -4.633683, -1.724319, 608527000
-1.484306, -4.651480, -1.736961, 612930000
-1.296041, -4.675189, -1.751377, 617448000
0.686187, -4.683537, -1.710807, 621936000
-0.667468, -4.710828, -1.716685, 626257000
-1.590268, -4.729040, -1.732004, 629366000
-1.563403, -4.765063, -1.763935, 634477000
-1.194679, -4.788825, -1.775836, 639422000
-1.919872, -4.813391, -1.802792, 643751000
-1.295598, -4.863767, -1.842017, 648382000
-2.302938, -4.910420, -1.896956, 651499000
-1.964595, -4.984453, -1.970860, 656661000
-2.250579, -5.051841, -2.042495, 662646000
-1.641184, -5.085825, -2.067773, 667316000
-2.054730, -5.118705, -2.099735, 670408000
-2.394200, -5.150458, -2.136742, 675497000
-2.262229, -5.164102, -2.152622, 678420000
-2.124735, -5.185562, -2.173096, 683499000
-1.589232, -5.205667, -2.181122, 687878000
-1.868841, -5.221808, -2.190694, 692459000
-2.449380, -5.244793, -2.218394, 699372000
-1.983190, -5.253358, -2.222084, 703795000
-1.876775, -5.259699, -2.221391, 708083000
-2.480021, -5.264785, -2.231548, 711172000
-2.036547, -5.266174, -2.229010, 716258000
-1.895638, -5.263111, -2.219340, 719837000
-2.468343, -5.267229, -2.228356, 724664000
-2.338905, -5.260014, -2.223497, 729079000
-1.982184, -5.267570, -2.226075, 733351000
-1.981700, -5.270884, -2.224435, 737792000
-2.016595, -5.271585, -2.220965, 741352000
-2.009570, -5.269042, -2.214246, 745843000
-1.896074, -5.267943, -2.206805, 749617000
-1.885809, -5.266502, -2.198973, 754093000
-1.798457, -5.267629, -2.192067, 758459000
-2.392360, -5.271033, -2.199409, 766177000
-1.868841, -5.273817, -2.195526, 769032000
-1.943556, -5.285893, -2.202322, 774076000
-1.897099, -5.292884, -2.203068, 778402000
-1.910371, -5.306648, -2.210703, 783078000
-2.142081, -5.313757, -2.216298, 788631000
-2.103399, -5.319551, -2.219718, 793156000
-1.597480, -5.326345, -2.213932, 797799000
-2.044866, -5.329808, -2.213944, 801191000
-0.885777, -5.334083, -2.191570, 805947000
-1.918855, -5.338213, -2.190163, 809609000
-1.799574, -5.357779, -2.201526, 814094000
-1.221506, -5.358235, -2.182373, 817878000
-2.019351, -5.366002, -2.186724, 822232000
-1.916150, -5.368241, -2.183507, 826980000
-1.726883, -5.386739, -2.192502, 829923000
-2.261626, -5.378442, -2.185754, 834953000
-1.985142, -5.394005, -2.196993, 839351000
-1.862442, -5.402181, -2.198314, 844363000
-1.285004, -5.414176, -2.191803, 849101000
-1.475966, -5.444024, -2.206738, 854067000
-1.660229, -5.465525, -2.216878, 858797000
-1.796287, -5.533995, -2.275568, 865273000
-1.816561, -5.549199, -2.281287, 870020000
-2.138156, -5.551783, -2.280957, 873555000
-2.117835, -5.565595, -2.291231, 879759000
-2.548971, -5.591535, -2.321807, 883650000
-2.513407, -5.600813, -2.334732, 888807000
-2.001365, -5.607286, -2.334408, 893745000
-1.996785, -5.616620, -2.336803, 898763000
-1.962449, -5.622629, -2.335205, 902314000
-2.145954, -5.632725, -2.341314, 907147000
-1.950342, -5.650104, -2.350526, 911187000
-2.252048, -5.652841, -2.351239, 916478000
-2.002368, -5.652107, -2.343543, 920150000
-2.075852, -5.653433, -2.339488, 923942000
-1.891974, -5.660687, -2.337646, 929059000
-2.140052, -5.663874, -2.336818, 932729000
-2.254620, -5.663527, -2.334834, 936456000
-1.980725, -5.666602, -2.330765, 940126000
-2.258457, -5.671600, -2.334218, 945986000
-1.986204, -5.689626, -2.344922, 951058000
-2.085850, -5.711913, -2.361582, 954630000
-2.194132, -5.709115, -2.355490, 959856000
-1.806643, -5.719956, -2.355138, 965008000
-2.177587, -5.727715, -2.359191, 970098000
-2.214092, -5.721261, -2.349964, 974324000
-2.217959, -5.714443, -2.340641, 979073000
-2.098357, -5.707047, -2.328548, 983685000
-2.120595, -5.711435, -2.328689, 988923000
-2.187192, -5.705047, -2.319599, 994896000
-0.225386, -5.697323, -2.270145, 988000
-2.520462, -5.712924, -2.290440, 8402000
-1.383824, -5.725222, -2.284360, 13319000
-2.110119, -5.716549, -2.272376, 18132000
-2.355369, -5.701914, -2.259694, 23023000
-1.851429, -5.690880, -2.240715, 26827000
-1.988212, -5.670582, -2.215772, 31922000
-1.822842, -5.651788, -2.189495, 35782000
-2.127455, -5.610693, -2.147982, 41114000
-1.861208, -5.578372, -2.110572, 46062000
-1.978649, -5.534420, -2.064861, 51558000
-0.785444, -5.526969, -2.031971, 56693000
-2.012351, -5.492853, -1.998144, 61419000
-2.357696, -5.454471, -1.967720, 66360000
-2.914455, -5.401750, -1.934989, 71914000
1.779128, -5.299085, -1.760095, 76850000
-2.220042, -5.300505, -1.770686, 81773000
-3.851141, -5.297090, -1.808948, 86737000
-3.067117, -5.295082, -1.832144, 90284000
-0.577084, -5.308030, -1.819731, 95624000
-0.949208, -5.288844, -1.783519, 99354000
-0.973292, -5.325397, -1.803137, 104655000
-1.631981, -5.363575, -1.837128, 108435000
-0.626080, -5.421862, -1.870028, 113563000
-1.110632, -5.431156, -1.863948, 117325000
-3.735883, -5.419888, -1.890344, 121909000
-2.281029, -5.428882, -1.906972, 126122000
-1.732201, -5.443161, -1.917471, 131076000
-1.886348, -5.458727, -1.932103, 135673000
-0.905975, -5.468143, -1.920807, 140423000
-2.143053, -5.466019, -1.923171, 146450000
-1.391921, -5.493748, -1.939721, 153109000
-1.590386, -5.501769, -1.940595, 159300000
-1.471731, -5.505158, -1.934539, 164246000
-1.651245, -5.507317, -1.930989, 169141000
-1.755611, -5.511928, -1.932000, 176184000
-2.489442, -5.517232, -1.948347, 179886000
-1.813339, -5.522411, -1.950722, 183539000
-1.463907, -5.529937, -1.948362, 187307000
-1.653770, -5.536431, -1.948834, 192503000
-1.504621, -5.541464, -1.944882, 196131000
-1.624030, -5.545803, -1.942717, 201310000
-1.579354, -5.547741, -1.937349, 204949000
-1.495747, -5.548451, -1.929213, 210172000
-1.840400, -5.548101, -1.927093, 213938000
-1.606359, -5.558722, -1.931087, 219175000
-2.446659, -5.559865, -1.942519, 222759000
-1.819703, -5.554747, -1.935047, 227348000
-1.733404, -5.538476, -1.915069, 232899000
-1.828184, -5.517838, -1.893106, 237780000
-1.791187, -5.499781, -1.873371, 241376000
-1.915802, -5.467605, -1.842687, 246103000
-2.257814, -5.442618, -1.826503, 250290000
-1.590268, -5.422676, -1.802235, 254532000
-4.270283, -5.508358, -1.935564, 259287000
-3.307910, -5.554530, -2.008260, 264192000
-10.222704, -5.634526, -2.250945, 270070000
-6.969928, -5.737753, -2.446487, 276532000
0.832868, -5.760849, -2.403534, 281416000
5.635793, -5.907492, -2.386458, 286388000
1.455014, -5.977824, -2.378554, 291160000
4.027696, -6.082484, -2.352995, 295907000
-0.276371, -6.154656, -2.382192, 300814000
-9.201636, -6.216637, -2.579322, 305817000
1.847001, -6.246079, -2.519649, 310606000
-4.399047, -6.264280, -2.575073, 315578000
2.516371, -6.262498, -2.471499, 320424000
-1.545337, -6.269039, -2.459385, 325300000
-0.486870, -6.279266, -2.429958, 330196000
-1.264328, -6.300850, -2.427798, 335286000
-1.276012, -6.333965, -2.437215, 340197000
0.401670, -6.388170, -2.433559, 345993000
-1.452687, -6.447670, -2.472251, 351920000
-1.008843, -6.517070, -2.510995, 357447000
-2.389368, -6.573146, -2.563518, 363698000
-1.989758, -6.632694, -2.610399, 368780000
-1.938714, -6.705966, -2.668772, 373549000
-2.331088, -6.883759, -2.836257, 380166000
-0.720224, -7.066713, -2.973231, 384523000
-2.299086, -7.282795, -3.171508, 389513000
-2.932948, -7.504269, -3.383780, 394361000
-2.972214, -7.772693, -3.638605, 399297000
-2.062474, -8.120818, -3.948245, 404171000
-3.790056, -8.387593, -4.206520, 407865000
-2.999769, -8.783052, -4.569935, 412987000
-3.161574, -9.270670, -5.019633, 418119000
-2.734473, -9.682870, -5.377885, 421776000
-3.656296, -10.372412, -6.019205, 426956000
-2.786691, -11.258830, -6.823245, 431787000
-3.649329, -12.117357, -7.601123, 436812000
-9.108910, -12.833275, -8.332878, 441665000
-8.705566, -13.462455, -8.956928, 446645000
-9.011655, -14.035189, -9.519302, 451567000
-8.939419, -14.571345, -10.033138, 456364000
-8.656026, -15.207571, -10.629097, 461867000
-8.890530, -15.651414, -11.029292, 465581000
-10.105787, -16.252745, -11.600126, 470868000
-11.441946, -16.738388, -12.072893, 475859000
-11.239516, -17.247288, -12.554947, 482816000
-12.004003, -17.624319, -12.913418, 489012000
-12.149935, -17.849195, -13.118527, 493986000
-13.112519, -18.095465, -13.359752, 500455000
-13.627392, -18.234236, -13.501100, 505688000
-13.097690, -18.324663, -13.581650, 510919000
-15.283545, -18.416679, -13.705864, 527310000
-12.888748, -18.448879, -13.721079, 530816000
-12.601202, -18.543283, -13.791198, 535955000
-13.028768, -18.907143, -14.132531, 545403000
-12.701850, -19.134840, -14.327062, 550484000
-13.045951, -19.401894, -14.563151, 555820000
-13.797993, -19.677702, -14.818141, 561533000
-13.339057, -19.982403, -15.087166, 566904000
-13.762338, -20.302574, -15.374437, 571900000
-14.384669, -20.714003, -15.757842, 578024000
-14.375218, -21.274530, -16.279507, 585682000
-15.276748, -21.590574, -16.569174, 590049000
-16.323544, -22.428463, -17.385393, 600925000
-15.231765, -22.725834, -17.633745, 604412000
-15.972851, -23.028255, -17.896900, 607987000
-16.413805, -23.477385, -18.307384, 612934000
-17.749870, -24.031073, -18.838850, 619279000
-17.991154, -24.658682, -19.436954, 627028000
-17.827209, -25.028315, -19.767000, 631730000
-18.821680, -25.980360, -20.681099, 643321000
-19.164806, -26.269827, -20.934452, 646861000
-19.706444, -26.567659, -21.201769, 650619000
-19.904741, -26.851385, -21.453878, 654231000
-20.945255, -27.375671, -21.957506, 661699000
-20.532492, -28.086067, -22.625195, 672800000
-21.973387, -28.304331, -22.826057, 676880000
-21.737152, -28.514097, -23.009851, 681001000
-22.632662, -28.954323, -23.433729, 691671000
-22.658293, -29.204048, -23.662951, 705577000
-23.639652, -29.311348, -23.767639, 709366000
-24.407951, -29.369415, -23.837353, 713022000
-22.601341, -29.454433, -23.895950, 716683000
-23.153273, -29.563692, -23.988171, 723649000
-23.126194, -29.653038, -24.058491, 729939000
-23.184456, -29.750664, -24.136684, 739953000
-23.162886, -29.797834, -24.163435, 746704000
-22.789362, -29.871729, -24.208370, 755113000
-23.151724, -29.899483, -24.214436, 758737000
-23.760363, -29.935698, -24.240845, 762622000
-22.141973, -29.991566, -24.253618, 767115000
-22.035862, -30.153952, -24.368402, 774008000
-22.350838, -30.262823, -24.434746, 777888000
-23.025269, -30.424362, -24.564865, 782956000
-22.310299, -30.722551, -24.811998, 790742000
-23.195702, -30.911396, -24.964741, 794936000
-24.087242, -31.131222, -25.162621, 800685000
-23.453106, -31.402054, -25.393847, 806327000
-23.096996, -31.684210, -25.624424, 811701000
-24.686647, -31.950390, -25.866526, 816756000
-24.250917, -32.358395, -26.234058, 824616000
-25.355177, -32.793007, -26.642401, 832626000
-26.487925, -33.191967, -27.030291, 839619000
-27.161503, -33.486446, -27.321507, 844908000
-25.950333, -33.773113, -27.575016, 850403000
-25.857056, -34.119080, -27.879704, 856941000
-26.289900, -34.385712, -28.109209, 861938000
-26.566151, -34.601936, -28.290249, 865903000
-26.273706, -35.143742, -28.780888, 875240000
-27.288374, -35.331589, -28.935127, 878467000
-27.752909, -35.531811, -29.107700, 881956000
-28.101458, -35.713173, -29.265308, 885088000
-28.116068, -36.009468, -29.532692, 890062000
-28.831467, -36.274780, -29.778677, 894569000
-29.543680, -36.660984, -30.152458, 901306000
-29.472437, -36.854145, -30.328154, 904804000
-29.654396, -37.174137, -30.628271, 910888000
-30.359669, -37.731571, -31.169184, 924695000
-30.882845, -37.857311, -31.286682, 928030000
-31.113962, -37.975395, -31.398951, 931411000
-29.839018, -38.221115, -31.608559, 937267000
-30.815462, -38.492908, -31.859055, 943384000
-31.278830, -38.780392, -32.129185, 950101000
-31.495943, -38.926628, -32.259830, 953561000
-32.895054, -39.368275, -32.705349, 963235000
-31.403170, -39.538193, -32.845825, 966715000
-32.151016, -39.744770, -33.034374, 970676000
-30.809164, -39.932327, -33.173679, 974099000
-31.394217, -40.121422, -33.323402, 977333000
-32.536884, -40.335579, -33.517548, 981048000
-33.358738, -40.533234, -33.708073, 984410000
-31.579447, -40.748764, -33.876720, 987968000
-33.849731, -41.286465, -34.403126, 996745000
-33.125767, -41.654213, -34.737972, 2515000
-33.420181, -42.056084, -35.105450, 8660000
-33.564133, -42.648144, -35.654842, 17974000
-34.496807, -42.851257, -35.830734, 21216000
-34.915913, -43.051556, -36.008732, 24575000
-34.720207, -43.238010, -36.165688, 27722000
-34.830696, -43.533241, -36.428314, 32668000
-34.381161, -43.988075, -36.833107, 39730000
-36.608887, -44.332993, -37.166641, 45230000
-36.617794, -44.531944, -37.350639, 48541000
-36.272358, -44.899960, -37.689732, 54106000
-38.841846, -45.135220, -37.943329, 57807000
-37.880333, -45.418274, -38.219463, 62177000
-36.530674, -45.702789, -38.464512, 66855000
-35.966263, -46.390930, -39.088928, 76906000
-39.327923, -46.610123, -39.308517, 80099000
-39.192490, -46.840244, -39.531719, 83479000
-38.128700, -47.064400, -39.723331, 86778000
-39.384361, -47.369011, -40.015072, 91183000
-38.001575, -47.758419, -40.356422, 98370000
-38.653648, -47.960159, -40.520073, 102291000
-40.635437, -48.186108, -40.743813, 107001000
-42.314075, -48.370708, -40.956127, 111394000
-41.938530, -48.564705, -41.165894, 115801000
-43.009933, -48.759575, -41.393749, 120430000
-43.083767, -48.883900, -41.549389, 123933000
-41.941269, -49.019894, -41.690502, 128904000
-43.002075, -49.220898, -41.913719, 134958000
-43.304569, -49.312653, -42.031460, 137938000
-43.074905, -49.446758, -42.183754, 143060000
-42.559334, -49.546749, -42.289257, 147630000
-42.333046, -49.621796, -42.363678, 152006000
-42.362194, -49.686657, -42.427212, 156688000
-41.875114, -49.748901, -42.477169, 161176000
-41.760105, -49.836849, -42.549015, 166923000
-41.700985, -49.948902, -42.641865, 172665000
-42.773525, -50.115906, -42.808159, 179184000
-43.075378, -50.261089, -42.955784, 184286000
-41.121063, -50.527332, -43.180008, 191202000
-41.812054, -50.808666, -43.428360, 197549000
-41.970463, -51.018654, -43.604992, 201987000
-42.030979, -51.251205, -43.801411, 206645000
-41.978142, -51.477360, -43.986576, 211012000
-42.733463, -51.718086, -44.197426, 215414000
-43.117237, -51.980709, -44.433197, 219994000
-43.361988, -52.253098, -44.678715, 224555000
-43.605343, -52.589706, -44.987125, 229903000
-44.162903, -52.881889, -45.256981, 234459000
-44.994740, -53.253063, -45.615486, 240128000
-45.370567, -53.562492, -45.913826, 244865000
-45.442394, -53.915813, -46.250652, 250325000
-45.903206, -54.215370, -46.537270, 254964000
-46.671135, -54.510506, -46.829182, 259497000
-45.412399, -54.823299, -47.107388, 264113000
-45.753452, -55.027710, -47.280632, 267088000
-45.519695, -55.395355, -47.605705, 272196000
-45.810654, -55.786160, -47.952793, 277294000
-47.687229, -56.127125, -48.281628, 281679000
-48.234943, -56.396606, -48.544788, 285179000
-48.647053, -56.736103, -48.879543, 289645000
-49.222767, -57.023518, -49.168076, 293528000
-48.681107, -57.489639, -49.615135, 299677000
-48.516682, -57.758980, -49.857121, 303128000
-49.098598, -58.088524, -50.164906, 307651000
-49.045834, -58.365192, -50.413658, 311495000
-49.582119, -58.681618, -50.707127, 315973000
-50.407307, -59.113270, -51.124149, 321495000
-51.692188, -59.521301, -51.535381, 326977000
-52.522774, -59.858349, -51.885437, 331539000
-52.784248, -60.177090, -52.215778, 336014000
-52.477627, -60.487869, -52.525581, 340436000
-52.361313, -60.802559, -52.830692, 344942000
-53.163876, -61.113007, -53.141598, 349510000
-53.151138, -61.406349, -53.429264, 353983000
-53.513386, -61.791851, -53.808739, 359977000
-55.769562, -62.144947, -54.193989, 366481000
-55.779202, -62.349487, -54.426144, 370939000
-55.063519, -62.527733, -54.613571, 375364000
-54.792572, -62.720322, -54.805889, 380758000
-54.797611, -62.870327, -54.952728, 385143000
-55.205650, -63.007217, -55.091942, 389355000
-55.524544, -63.211529, -55.300819, 395830000
-55.242016, -63.429050, -55.512814, 402774000
-58.258434, -63.650124, -55.784378, 409126000
-55.268978, -63.827854, -55.948250, 415069000
-54.039928, -64.040665, -56.118645, 419987000
-53.930298, -64.358055, -56.385925, 426599000
-54.130524, -64.515862, -56.495468, 429755000
-55.704510, -64.808517, -56.766449, 435316000
-55.288296, -65.044243, -56.967899, 439641000
-55.703720, -65.303925, -57.197105, 444122000
-56.246990, -65.491409, -57.361843, 447221000
-56.980061, -65.814461, -57.670799, 452250000
-57.826408, -66.095680, -57.949505, 456606000
-58.071064, -66.391075, -58.241428, 461186000
-58.801037, -66.792351, -58.645870, 467355000
-59.467617, -67.141373, -59.004349, 472911000
-59.473671, -67.486595, -59.352055, 478470000
-59.137711, -67.870720, -59.724213, 484781000
-59.984009, -68.198975, -60.051098, 490262000
-60.592583, -68.525406, -60.381832, 495858000
-60.858879, -68.789566, -60.650257, 500492000
-60.736511, -69.303001, -61.155148, 509223000
-60.716312, -69.482864, -61.322639, 512199000
-61.175537, -69.803329, -61.633751, 517324000
-61.737419, -70.060074, -61.887436, 521422000
-61.948692, -70.342514, -62.165455, 525905000
-62.733971, -70.624931, -62.453602, 530515000
-63.290939, -70.961029, -62.799728, 536100000
-63.503353, -71.279228, -63.125637, 541504000
-63.822369, -71.579994, -63.434322, 546830000
-63.876507, -71.817093, -63.675526, 551144000
-64.380669, -72.027695, -63.896015, 555021000
-64.658371, -72.423721, -64.299370, 562867000
-64.901703, -72.734215, -64.615700, 569387000
-64.732590, -72.923218, -64.803261, 573203000
-65.205368, -73.153831, -65.037308, 577716000
-65.377411, -73.359329, -65.245499, 582113000
-65.021652, -73.612053, -65.488693, 587203000
-65.088295, -73.862007, -65.725639, 591761000
-62.734955, -74.190010, -65.987274, 596367000
-63.529800, -74.628403, -66.367752, 602269000
-67.174324, -75.121948, -66.867554, 609786000
-67.337875, -75.504707, -67.252068, 615508000
-67.974586, -75.806824, -67.562592, 620007000
-68.083923, -76.131798, -67.891495, 624720000
-68.371941, -76.502846, -68.264732, 629164000
-70.924210, -76.734642, -68.545090, 632460000
-69.861275, -77.048386, -68.878883, 637580000
-70.377235, -77.292496, -69.148079, 641980000
-71.508614, -77.478355, -69.377434, 645639000
-70.506020, -77.757973, -69.674026, 651685000
-70.909790, -78.091286, -70.025391, 656280000
-73.143921, -78.406830, -70.396996, 660733000
-75.766129, -78.725258, -70.816437, 665219000
-68.070999, -79.001442, -71.032188, 669638000
-68.113907, -79.317474, -71.283539, 674057000
-69.166550, -79.630676, -71.548141, 678649000
-70.208878, -79.949455, -71.833755, 683051000
-70.264145, -80.359482, -72.204185, 688104000
-70.830933, -80.670601, -72.481621, 692487000
-73.066635, -81.023438, -72.839104, 697383000
-71.774536, -81.286064, -73.075188, 700813000
-70.658951, -81.694923, -73.427544, 705509000
-72.640205, -82.286751, -73.991791, 711774000
-74.002579, -84.086380, -75.755646, 729523000
-76.884323, -85.035301, -76.708168, 739051000
-78.698799, -85.331718, -77.038467, 742068000
-77.881699, -85.706497, -77.422615, 745852000
-79.505989, -86.306801, -78.052582, 751761000
-80.994827, -86.695496, -78.492348, 755476000
-79.483688, -87.487038, -79.287888, 762648000
-78.384064, -88.123978, -79.894012, 768030000
-80.026443, -88.720787, -80.481537, 772910000
-81.864159, -89.403793, -81.178535, 777957000
-80.438560, -90.020943, -81.768547, 782445000
-89.286568, -90.527908, -82.415733, 788001000
-81.638573, -90.983276, -82.846458, 794119000
-86.917168, -91.306618, -83.244751, 799626000
-85.565201, -91.624748, -83.602928, 805107000
-84.337334, -92.056808, -84.041039, 812066000
-86.166695, -92.304520, -84.326309, 816682000
-89.442711, -92.431831, -84.553406, 821099000
-90.099754, -92.519653, -84.750397, 825520000
-86.549767, -92.621208, -84.885910, 829626000
-89.710716, -92.717789, -85.077057, 834702000
-84.570198, -92.838852, -85.185562, 838878000
-87.814568, -93.037849, -85.433167, 846044000
-87.860306, -93.116547, -85.558838, 849027000
-86.252197, -93.335579, -85.787361, 854330000
-84.675232, -93.580864, -86.005501, 858733000
-87.289757, -93.841408, -86.286522, 863348000
-87.886131, -94.007233, -86.481026, 866371000
-86.383888, -94.308342, -86.774170, 871663000
-88.301613, -94.590889, -87.081612, 876325000
-86.983528, -94.882843, -87.365768, 880652000
-88.126305, -95.206825, -87.698486, 885286000
-89.179482, -95.522751, -88.037720, 889882000
-91.393280, -95.848335, -88.423904, 895126000
-92.286713, -96.102066, -88.749817, 900081000
-91.861938, -96.314323, -89.020073, 904993000
-91.943604, -96.500198, -89.260704, 909917000
-92.156059, -96.691704, -89.506294, 917008000
-91.726509, -96.781990, -89.639183, 920711000
-90.834854, -96.915535, -89.793968, 926061000
-90.674004, -97.050468, -89.943802, 930808000
-91.276428, -97.215271, -90.131966, 935671000
-91.908417, -97.375275, -90.324295, 940313000
-92.273376, -97.548058, -90.532608, 945230000
-92.015671, -97.724670, -90.735352, 950116000
-91.767738, -97.907646, -90.935318, 955191000
-92.131516, -98.095886, -91.143715, 960110000
-92.100876, -98.239616, -91.303719, 963704000
-88.808434, -98.561783, -91.569534, 969013000
-91.332695, -98.815002, -91.812950, 973659000
-90.795166, -99.054237, -92.027046, 977989000
-92.650665, -99.319664, -92.299637, 982639000
-92.527748, -99.591873, -92.570969, 987297000
-95.092537, -99.808449, -92.833641, 991082000
-94.578659, -100.111710, -93.165733, 996668000
-95.522446, -100.334572, -93.431274, 876000
-95.807076, -100.611412, -93.750092, 6292000
-95.390320, -100.811256, -93.978745, 10073000
-96.306183, -101.194695, -94.401062, 16990000
-97.795380, -101.412788, -94.682686, 21681000
-97.597580, -101.566544, -94.891663, 25285000
-96.274178, -101.768333, -95.117065, 30020000
-97.565887, -101.950287, -95.344360, 34210000
-96.339218, -102.179268, -95.588654, 39204000
-97.578262, -102.410469, -95.855026, 44228000
-95.553955, -102.602943, -96.037628, 48007000
-97.856445, -102.847664, -96.313835, 53136000
-98.311264, -103.026283, -96.528831, 57029000
-98.538048, -103.256630, -96.794762, 62280000
-99.516502, -103.451447, -97.040123, 67293000
-99.824661, -103.611862, -97.253021, 72271000
-100.102699, -103.726158, -97.422028, 77196000
-100.979004, -103.789978, -97.555710, 81901000
-101.385216, -103.794884, -97.637108, 86776000
-99.786148, -103.778488, -97.664017, 91771000
-100.368080, -103.708183, -97.649200, 97396000
-100.672379, -103.652328, -97.654930, 101002000
-99.596138, -103.550484, -97.593948, 106324000
-99.186447, -103.463501, -97.540558, 110079000
-98.621780, -103.305344, -97.407188, 115282000
-98.835945, -103.059479, -97.194824, 121918000
-97.241814, -102.884071, -97.023872, 126875000
-97.527252, -102.717545, -96.870750, 131782000
-97.419846, -102.549034, -96.716591, 136701000
-96.902100, -102.372993, -96.547783, 141528000
-95.444153, -102.262566, -96.417496, 146498000
-96.257950, -102.177254, -96.330696, 151485000
-96.920456, -102.087418, -96.254456, 156521000
-97.337418, -102.014091, -96.204254, 160142000
-98.045898, -101.874321, -96.104111, 165397000
-97.922562, -101.751945, -96.020554, 169127000
-96.629143, -101.560059, -95.844681, 174433000
-96.306808, -101.352478, -95.650497, 179649000
-96.790581, -101.129074, -95.454369, 184457000
-96.532509, -100.874672, -95.226616, 189394000
-96.629456, -100.588112, -94.973846, 194449000
-95.627960, -100.139160, -94.546959, 201174000
-93.205734, -99.670334, -94.060684, 208434000
-92.941902, -99.338051, -93.712677, 214532000
-92.378517, -98.987640, -93.342598, 221587000
-92.164627, -98.744728, -93.080986, 226571000
-91.538544, -98.535553, -92.845146, 231518000
-92.766380, -98.324303, -92.636551, 236450000
-93.325218, -98.121407, -92.451485, 240690000
-93.975990, -97.791451, -92.158615, 246233000
-95.627960, -97.434402, -91.878098, 251202000
-94.893692, -96.966675, -91.480034, 256174000
-92.772835, -96.440964, -90.990692, 261170000
-91.608025, -95.900078, -90.472969, 265953000
-91.365799, -95.464821, -90.064278, 269566000
-91.014412, -94.817093, -89.448509, 274510000
-90.072411, -94.259361, -88.914406, 278539000
-86.500450, -93.541733, -88.162857, 283501000
-60.469543, -93.304642, -87.376640, 289054000
-91.053886, -93.053818, -87.204376, 293936000
-86.958130, -92.818069, -86.968422, 298872000
-85.517509, -92.526436, -86.653603, 304555000
-85.018730, -92.274551, -86.374054, 309603000
-84.695236, -92.027405, -86.098274, 314550000
-84.388672, -91.817009, -85.857895, 319524000
-85.343987, -91.505905, -85.542732, 326764000
-91.627266, -91.331894, -85.493889, 330487000
-85.284218, -91.034691, -85.198433, 335575000
-87.097229, -90.786324, -84.993011, 339213000
-86.296768, -90.403397, -84.643822, 343931000
-85.682404, -89.707703, -83.982811, 350788000
-85.028297, -89.121803, -83.429543, 355825000
-85.272392, -88.486229, -82.843536, 360745000
-83.417618, -87.739990, -82.123703, 365956000
-81.784363, -87.026825, -81.418015, 370952000
-80.611740, -86.258904, -80.649330, 375838000
-78.631607, -85.461784, -79.827797, 380799000
-77.896294, -84.677986, -79.021042, 385948000
-76.124100, -83.948265, -78.247978, 390954000
-73.335991, -83.289421, -77.504074, 395905000
-70.941948, -82.666656, -76.762520, 400943000
-71.650398, -82.162560, -76.166260, 406549000
-70.038406, -81.763336, -75.652458, 411563000
-70.807899, -81.435265, -75.234062, 416693000
-71.179764, -81.158737, -74.881981, 421695000
-73.776619, -80.806931, -74.515106, 427433000
-83.253685, -80.305962, -74.198936, 432424000
-71.729836, -79.914886, -73.766296, 437331000
-73.683762, -79.679596, -73.534065, 440932000
-71.353973, -79.368645, -73.185730, 446180000
-67.288704, -79.042618, -72.748283, 450962000
-69.565147, -78.728081, -72.376373, 456923000
-71.431580, -78.476135, -72.110573, 461805000
-72.968437, -78.244888, -71.901108, 466790000
-67.396973, -77.948593, -71.520653, 471548000
-68.119148, -77.663483, -71.173210, 476438000
-66.300781, -77.364311, -70.782578, 481437000
-63.804390, -77.076134, -70.360596, 486424000
-64.927254, -76.823280, -70.004135, 491302000
-65.670319, -76.591026, -69.689850, 496247000
-66.586105, -76.367226, -69.408447, 501162000
-67.798470, -76.192291, -69.204819, 504775000
-69.030411, -75.859596, -68.875290, 510647000
-69.792198, -75.505119, -68.546242, 515386000
-69.895027, -75.083954, -68.160477, 520172000
-69.699638, -74.515480, -67.634155, 525229000
-68.934952, -73.825676, -66.984169, 530669000
-67.935707, -73.038116, -66.231392, 535948000
-67.683670, -72.196236, -65.435394, 541314000
-74.594322, -71.274750, -64.715523, 546812000
-61.927147, -70.714531, -64.110741, 550437000
-62.960613, -69.909286, -63.298599, 555700000
-66.976440, -69.343719, -62.817902, 559461000
-64.922585, -68.652908, -62.182999, 564732000
-62.733292, -68.214005, -61.763874, 568558000
-63.208588, -67.590439, -61.181671, 573744000
-53.494213, -66.741997, -60.196453, 578901000
-54.621002, -66.284668, -59.636761, 582502000
-54.164234, -65.341820, -58.603321, 588770000
-47.140297, -64.982071, -58.021507, 592326000
-52.233616, -64.349724, -57.286053, 598042000
-51.427666, -63.935051, -56.762505, 601651000
-47.927368, -63.386303, -56.048027, 606938000
-48.587299, -62.262180, -54.797173, 617904000
-48.571602, -61.801891, -54.221581, 623071000
-49.498108, -61.504589, -53.835758, 626773000
-50.272327, -61.084908, -53.353203, 632497000
-52.170441, -60.664177, -52.917233, 637768000
-52.381886, -60.202362, -52.453949, 642702000
-52.917740, -59.628845, -51.901176, 647862000
-52.962227, -59.035309, -51.340733, 652819000
-52.074413, -58.378811, -50.712040, 657864000
-54.183861, -57.796116, -50.210434, 662773000
-44.641468, -56.855240, -49.176998, 669252000
-50.758209, -56.118568, -48.486683, 674370000
-48.467152, -55.360199, -47.743088, 679171000
-45.221825, -54.555500, -46.904060, 684054000
-52.490242, -53.873371, -46.347298, 689031000
-41.844280, -53.314228, -45.709278, 694003000
-39.718399, -52.749546, -45.036076, 698963000
-40.905518, -52.320477, -44.532978, 703946000
-38.039772, -51.661945, -43.757755, 711787000
-36.605331, -51.345722, -43.304806, 715557000
-39.043007, -50.861626, -42.745155, 720763000
-39.826729, -50.567860, -42.398899, 724494000
-39.182602, -50.094360, -41.870544, 729741000
-38.225304, -49.406719, -41.123753, 736876000
-38.973633, -49.058144, -40.739147, 740645000
-39.475990, -48.560459, -40.226154, 745742000
-39.388027, -48.231030, -39.886551, 749085000
-38.774433, -47.667171, -39.311729, 754520000
-36.468338, -47.270279, -38.865906, 759311000
-36.344837, -46.905087, -38.457600, 764600000
-39.249489, -46.598156, -38.172646, 768576000
-41.175587, -46.319157, -37.959286, 772009000
-41.989002, -45.967953, -37.695702, 776209000
-35.097187, -45.354137, -37.042191, 781310000
-34.402081, -44.919815, -36.563755, 785039000
-35.152813, -44.446785, -36.071968, 790264000
-29.564938, -44.133377, -35.634686, 794057000
-35.174171, -43.758007, -35.257614, 799059000
-35.205975, -43.479050, -34.983204, 802657000
-36.848927, -43.046829, -34.596947, 807824000
-32.868744, -42.744167, -34.265774, 810990000
-31.833588, -41.985886, -33.474014, 817384000
-29.162186, -41.399017, -32.812649, 822631000
-29.911274, -40.998280, -32.361900, 826386000
-26.497780, -40.461620, -31.718691, 831086000
-27.648382, -39.795563, -30.984549, 837274000
-27.607347, -39.401283, -30.530611, 841039000
-27.500114, -38.903828, -29.982496, 846084000
-27.998550, -38.442425, -29.490643, 850919000
-28.746937, -37.940334, -28.983717, 856070000
-28.731350, -37.329979, -28.380520, 861988000
-28.245996, -36.806610, -27.864931, 866904000
-27.719633, -36.255756, -27.322186, 871827000
-27.855774, -35.698833, -26.787073, 876630000
-26.623743, -35.132378, -26.228678, 881585000
-26.033142, -34.567165, -25.670858, 886484000
-25.666752, -33.991364, -25.106489, 891288000
-25.124289, -33.368980, -24.496912, 896241000
-24.212540, -32.764057, -23.898399, 901058000
-23.956575, -32.136822, -23.284870, 906074000
-23.709171, -31.372253, -22.544081, 912364000
-21.357677, -30.505791, -21.671219, 919454000
-20.723108, -29.938360, -21.096176, 924235000
-21.154282, -29.565495, -20.731932, 927207000
-18.790155, -28.934586, -20.074806, 932349000
-19.806267, -28.183422, -19.333296, 938370000
-18.627611, -27.493565, -18.643124, 942747000
-17.531065, -26.906868, -18.045921, 947287000
-17.931896, -26.186636, -17.337814, 952757000
-16.675165, -25.375116, -16.529272, 957317000
-18.684832, -24.535681, -15.749736, 961689000
-22.174234, -22.989870, -14.363332, 966434000
-15.043695, -21.669277, -13.082759, 971027000
-24.357748, -20.332127, -11.997852, 975445000
-11.365859, -19.161440, -10.837939, 979718000
-15.976059, -16.962729, -8.785964, 985391000
-68.135941, -15.178916, -8.224828, 989935000
146.677292, -13.701480, -3.678898, 992905000
5.722708, -12.180181, -1.999992, 998362000
3.663518, -11.363829, -1.086697, 3102000
4.499588, -10.888977, -0.509617, 7671000
-0.780893, -10.652328, -0.283127, 11081000
0.069634, -10.537302, -0.163346, 15804000
0.093229, -10.474574, -0.096740, 20994000
-2.646304, -10.428506, -0.102585, 25554000
-1.800535, -10.405740, -0.114232, 28586000
-2.058292, -10.388105, -0.135832, 33675000
-2.190378, -10.339310, -0.129103, 39742000
-2.182527, -10.323274, -0.154456, 44156000
-1.135752, -10.315105, -0.166077, 47379000
-2.119960, -10.306971, -0.197183, 52357000
-2.112289, -10.301712, -0.230331, 56886000
-2.076277, -10.299313, -0.264899, 61243000
-2.083947, -10.298470, -0.300453, 64676000
-2.115977, -10.299907, -0.338172, 69407000
-2.323788, -10.302668, -0.380590, 73724000
-2.292112, -10.305956, -0.422043, 77446000
-2.186761, -10.307176, -0.458533, 82176000
-2.138190, -10.309904, -0.494801, 86894000
-2.197333, -10.315840, -0.534668, 91319000
-1.963528, -10.322731, -0.569999, 94743000
-2.203232, -10.337217, -0.616860, 99516000
-2.094741, -10.345964, -0.654990, 102442000
-2.099629, -10.366600, -0.704105, 107706000
-2.235593, -10.391544, -0.759180, 112009000
-2.043183, -10.420757, -0.813489, 116691000
-2.051113, -10.444032, -0.861050, 120685000
-2.177671, -10.478505, -0.921166, 125306000
-2.470145, -10.502851, -0.976005, 128738000
-2.353042, -10.537858, -1.037853, 133255000
-2.057766, -10.578631, -1.098209, 138743000
-1.809083, -10.593750, -1.127243, 143775000
-2.037515, -10.628727, -1.179726, 149234000
-2.195200, -10.647815, -1.218742, 153801000
-2.733637, -10.650177, -1.251355, 158237000
-2.284220, -10.649572, -1.271420, 162165000
-3.291632, -10.632808, -1.295395, 168369000
-2.369695, -10.613753, -1.298207, 172892000
-3.075032, -10.605827, -1.325976, 176077000
-2.983248, -10.598292, -1.351737, 181270000
-2.454018, -10.580038, -1.355893, 185749000
-1.889642, -10.567812, -1.354586, 190009000
-1.986673, -10.558208, -1.357816, 194600000
-2.069608, -10.545882, -1.359972, 200092000
-2.225176, -10.517582, -1.349542, 205482000
-2.088860, -10.509891, -1.356792, 210019000
-2.190729, -10.493917, -1.357816, 214491000
-1.996344, -10.481398, -1.358317, 217586000
-2.199108, -10.452588, -1.346900, 223154000
-2.437798, -10.419788, -1.336574, 227567000
-2.168168, -10.387938, -1.321994, 231979000
-1.969038, -10.338137, -1.286129, 236750000
-1.927497, -10.314062, -1.275363, 241156000
-1.145598, -10.252362, -1.212302, 247483000
-2.271058, -10.220781, -1.202528, 250881000
-1.969644, -10.141818, -1.140485, 255959000
-2.992010, -10.024880, -1.062917, 260328000
-2.493507, -9.930097, -0.998641, 264771000
-1.305117, -9.833092, -0.909706, 269140000
0.763683, -9.595306, -0.643209, 273800000
1.323430, -9.544477, -0.554064, 278996000
-0.992800, -9.500147, -0.519395, 284985000
-1.157084, -9.468156, -0.500798, 289643000
-1.208727, -9.433753, -0.481242, 294063000
-1.284837, -9.393946, -0.458302, 298484000
-1.195468, -9.337844, -0.418066, 303017000
-0.744151, -9.287822, -0.375566, 306643000
-1.544454, -9.218165, -0.330681, 311149000
-0.548157, -9.144257, -0.262599, 315132000
-0.544949, -9.093989, -0.218985, 319518000
-1.153073, -9.032825, -0.177725, 324083000
-1.007715, -8.964542, -0.127408, 329185000
-0.802908, -8.904637, -0.082211, 333576000
-0.722970, -8.846412, -0.037965, 338184000
-0.486321, -8.788209, 0.010106, 342583000
-0.567348, -8.699787, 0.085211, 349057000
-0.683862, -8.657058, 0.111704, 352020000
-0.050149, -8.594194, 0.170073, 357476000
-0.243239, -8.534757, 0.220056, 361892000
-0.834195, -8.478610, 0.253995, 366026000
-0.286278, -8.382240, 0.337631, 371906000
0.230675, -8.301987, 0.414141, 377573000
-0.464044, -8.185871, 0.510370, 383260000
-0.201388, -8.082037, 0.597893, 389046000
-0.761637, -7.970798, 0.679717, 394410000
-0.626080, -7.850583, 0.771411, 398904000
0.161291, -7.707050, 0.899871, 403411000
1.230727, -7.590120, 1.021080, 406939000
-0.780406, -7.375876, 1.195009, 411948000
0.862445, -7.149249, 1.410452, 416595000
0.411050, -6.986773, 1.549690, 419521000
-1.322620, -6.181309, 2.281599, 424716000
-20.083120, -5.152172, 2.842860, 429639000
-0.686160, -4.394563, 3.514736, 434050000
4.639722, -3.640057, 4.276652, 438569000
3.808702, -3.112188, 4.784605, 441668000
-13.930525, -1.451325, 6.037948, 446864000
4.014568, 0.328516, 7.741725, 452542000
12.587438, 1.243727, 8.735546, 457175000
12.844028, 1.797953, 9.360858, 460598000
10.391265, 2.543216, 10.111824, 465487000
10.839635, 3.156159, 10.727065, 469452000
11.673148, 3.845671, 11.421709, 474314000
13.534469, 4.344112, 11.952436, 478918000
13.479882, 4.743121, 12.374016, 483274000
13.004333, 5.013737, 12.651826, 486387000
12.799758, 5.435959, 13.068563, 491480000
12.524778, 5.754613, 13.369968, 496177000
13.134605, 6.156872, 13.759476, 501521000
12.990726, 6.509510, 14.089685, 506143000
14.193122, 6.787656, 14.364338, 510529000
14.702616, 6.945641, 14.525928, 513477000
14.984441, 7.128485, 14.714285, 518689000
15.781780, 7.186927, 14.792910, 521617000
15.419876, 7.188124, 14.806622, 526814000
16.265791, 7.142711, 14.791300, 530710000
14.829119, 7.061374, 14.712346, 535282000
14.579324, 6.975911, 14.625933, 539877000
13.918212, 6.918809, 14.555819, 543267000
13.349854, 6.850787, 14.465038, 548020000
13.344026, 6.788306, 14.381388, 554500000
14.315218, 6.757490, 14.349865, 558844000
13.370388, 6.724646, 14.298088, 563348000
13.517169, 6.681443, 14.240132, 567960000
13.546977, 6.640520, 14.186166, 571870000
13.195049, 6.571645, 14.098845, 578140000
13.358192, 6.535635, 14.048742, 582602000
13.026649, 6.513465, 14.006576, 587275000
13.736534, 6.479962, 13.968342, 591531000
14.265669, 6.405300, 13.901121, 596187000
14.463163, 6.345566, 13.853823, 599124000
13.925134, 6.224086, 13.736199, 604254000
13.887510, 6.117241, 13.634517, 608590000
12.818880, 6.056980, 13.559148, 613058000
13.164116, 6.002364, 13.497725, 618172000
13.314545, 5.939757, 13.432706, 622835000
13.441943, 5.867337, 13.361919, 627399000
12.439960, 5.813469, 13.290690, 632516000
12.556079, 5.794757, 13.257661, 635952000
12.572579, 5.806009, 13.254987, 640446000
12.650002, 5.827580, 13.264028, 644361000
12.295962, 5.901037, 13.316654, 648749000
12.604407, 6.015389, 13.414475, 654094000
12.533013, 6.151307, 13.530046, 658532000
13.164418, 6.306633, 13.674953, 663046000
13.258645, 6.414320, 13.772160, 666067000
14.150471, 6.607566, 13.969107, 671270000
14.150994, 6.734113, 14.096761, 674687000
14.182329, 7.103794, 14.460759, 685800000
14.502248, 7.239730, 14.594807, 690221000
13.754774, 7.366993, 14.702724, 694636000
14.294992, 7.492073, 14.817148, 699205000
13.399128, 7.579727, 14.874689, 702576000
14.724819, 7.698903, 14.988484, 707731000
15.107120, 7.793958, 15.084012, 711859000
14.389743, 7.941748, 15.214961, 717583000
14.731915, 8.089364, 15.349965, 723133000
15.315037, 8.236155, 15.493122, 728125000
15.330171, 8.380178, 15.631007, 732552000
15.399828, 8.740743, 15.979737, 740994000
15.036182, 9.038302, 16.252476, 746643000
15.406216, 9.371665, 16.562246, 752128000
15.472114, 9.807382, 16.967447, 758282000
16.076975, 10.253595, 17.386927, 764091000
16.168783, 10.621306, 17.722921, 768817000
17.035343, 11.069577, 18.148476, 774557000
17.402857, 11.489355, 18.544945, 780169000
17.716875, 11.886841, 18.917919, 785588000
18.100601, 12.193306, 19.201910, 789977000
18.225746, 12.521542, 19.504059, 794600000
18.601219, 12.770043, 19.729536, 798125000
18.823946, 13.168050, 20.101471, 804053000
20.164404, 13.454099, 20.383059, 808436000
20.065882, 13.736562, 20.653530, 812952000
21.102148, 13.926810, 20.848946, 816172000
20.926332, 14.203846, 21.121990, 821157000
20.620874, 14.373698, 21.278425, 824268000
20.415276, 14.652263, 21.534157, 829275000
20.773020, 14.901357, 21.763046, 833681000
21.125650, 15.127060, 21.971489, 837800000
21.882370, 15.385124, 22.222609, 842621000
21.725122, 15.645000, 22.467337, 847214000
21.649855, 15.912140, 22.712784, 851594000
22.042547, 16.191887, 22.973532, 856033000
22.243116, 16.617689, 23.376209, 862527000
22.744131, 16.924801, 23.664539, 867061000
23.027311, 17.224113, 23.945122, 871464000
22.860203, 17.539413, 24.232418, 875901000
22.538982, 17.872757, 24.525227, 880271000
22.308903, 18.283970, 24.883890, 884869000
22.991302, 18.724058, 25.277325, 889315000
23.348534, 19.242296, 25.746622, 894006000
23.913342, 19.781649, 26.238523, 898451000
24.656075, 20.362114, 26.775732, 902819000
25.517254, 20.793936, 27.173748, 905962000
26.360928, 21.512815, 27.861994, 911089000
27.151695, 22.124538, 28.447277, 915509000
27.667582, 22.713152, 29.008526, 919904000
28.272081, 23.273104, 29.542549, 924196000
28.253061, 23.885962, 30.117361, 928876000
28.784937, 24.332535, 30.528355, 932285000
28.491503, 25.017250, 31.158640, 937364000
30.680178, 25.704601, 31.822676, 942484000
30.941488, 26.344202, 32.431862, 947336000
31.490170, 26.958115, 33.014660, 952181000
31.943443, 27.579903, 33.602589, 957151000
32.825157, 28.372887, 34.364162, 963923000
33.746841, 28.780128, 34.750916, 967586000
33.382267, 29.334896, 35.267216, 972827000
33.375832, 29.918243, 35.801067, 978262000
33.804546, 30.428324, 36.261013, 982934000
34.046223, 30.926760, 36.705185, 987294000
33.710968, 31.560541, 37.266407, 992083000
34.135612, 32.372776, 37.999783, 997685000
35.152878, 32.940853, 38.499561, 1409000
35.216949, 33.691856, 39.169891, 6108000
36.241699, 34.402199, 39.807465, 10395000
37.122433, 35.248405, 40.583046, 15307000
37.545662, 36.081593, 41.338821, 19996000
39.031963, 36.981182, 42.174282, 25050000
40.429386, 37.838699, 42.979752, 29927000
41.496632, 38.715225, 43.809086, 35029000
42.145077, 39.554562, 44.598358, 40002000
42.991669, 40.506359, 45.498985, 45552000
42.921185, 41.130421, 46.059013, 49189000
44.274361, 42.040794, 46.915485, 54548000
44.003994, 42.703632, 47.506840, 58326000
45.491524, 44.039249, 48.775440, 65783000
46.579178, 44.717590, 49.396290, 69538000
47.343697, 45.690277, 50.308472, 74836000
46.728302, 46.654011, 51.181328, 79691000
47.974350, 47.723316, 52.165108, 84923000
50.239025, 48.726711, 53.109913, 90034000
51.017551, 49.670715, 53.993191, 94990000
51.419182, 50.585896, 54.838589, 99787000
52.174469, 51.585690, 55.765102, 104804000
52.335129, 52.635033, 56.724861, 109750000
52.813469, 53.729038, 57.718761, 114711000
54.671993, 54.761711, 58.669849, 119341000
56.211826, 56.033890, 59.867424, 124430000
56.046413, 57.184494, 60.918598, 129447000
57.728088, 58.284199, 61.932499, 134311000
59.427662, 59.301407, 62.879269, 139161000
61.482857, 60.302319, 63.832233, 144630000
61.541447, 61.325459, 64.789093, 151205000
62.021915, 62.239655, 65.629662, 157453000
62.681198, 62.916981, 66.234474, 162454000
63.490158, 63.986069, 67.227303, 170872000
66.150787, 64.637032, 67.843712, 176159000
64.894356, 65.244026, 68.379585, 181416000
65.471794, 65.663742, 68.732750, 185295000
65.783012, 66.176666, 69.176422, 190618000
67.341995, 66.598106, 69.552750, 195340000
66.208038, 66.894783, 69.776596, 200034000
72.294159, 66.993546, 69.923737, 206281000
63.844421, 67.114395, 69.920578, 213240000
67.304077, 67.175224, 69.927864, 218324000
67.125473, 67.202774, 69.898811, 222326000
65.977585, 67.216095, 69.833443, 226205000
66.928146, 67.242111, 69.800835, 229960000
67.027725, 67.279144, 69.781662, 235376000
66.830231, 67.340492, 69.782753, 240583000
66.415802, 67.404472, 69.778114, 244367000
66.570129, 67.523979, 69.831078, 249965000
66.624710, 67.641151, 69.881783, 255057000
66.698753, 67.731590, 69.906754, 259147000
66.996010, 67.853432, 69.967941, 264335000
67.191307, 68.020195, 70.075836, 270813000
67.579521, 68.096504, 70.100700, 273958000
67.773216, 68.176346, 70.132393, 279578000
67.818741, 68.279663, 70.187370, 284661000
68.162361, 68.374176, 70.239494, 289616000
67.852425, 68.461792, 70.277618, 294706000
68.008743, 68.533783, 70.302795, 299625000
68.211365, 68.584793, 70.310959, 304614000
67.965118, 68.626846, 70.305252, 309579000
67.663361, 68.680206, 70.304703, 314581000
68.352280, 68.754570, 70.338531, 318207000
67.248032, 68.872627, 70.392418, 323488000
67.401062, 69.005836, 70.463135, 328584000
67.910530, 69.144249, 70.547722, 333538000
68.022385, 69.294884, 70.644844, 338496000
68.252792, 69.466324, 70.765022, 343415000
68.067650, 69.690590, 70.930855, 348903000
66.811630, 69.936119, 71.089096, 353936000
68.875412, 70.145813, 71.250328, 358944000
69.551529, 70.364960, 71.431114, 363941000
70.377533, 70.611824, 71.651970, 370640000
69.326797, 70.766716, 71.757263, 375700000
70.824905, 70.924698, 71.893440, 380675000
70.184448, 71.085968, 72.017303, 385609000
69.977982, 71.262558, 72.149574, 390667000
69.527222, 71.474640, 72.304962, 395788000
70.379005, 71.747978, 72.534317, 401761000
70.697334, 72.065636, 72.808884, 407964000
70.796051, 72.337547, 73.035103, 412873000
70.605682, 72.641121, 73.284019, 417668000
70.666565, 72.900650, 73.486008, 421332000
70.922699, 73.326653, 73.852226, 426565000
71.458778, 73.649239, 74.120491, 430308000
71.983192, 74.115936, 74.535110, 435530000
72.912605, 74.452354, 74.832352, 439284000
73.037163, 74.899086, 75.234253, 444298000
73.509567, 75.343964, 75.635742, 449298000
73.743591, 75.869476, 76.112900, 454998000
74.830345, 76.321167, 76.529907, 459968000
75.184654, 76.784897, 76.957458, 464955000
75.692986, 77.257362, 77.395187, 470072000
76.562843, 77.932884, 78.040558, 477443000
76.156639, 78.400787, 78.461426, 482614000
80.115509, 78.802391, 78.888077, 486188000
76.534042, 79.284058, 79.313026, 491512000
77.980339, 79.761574, 79.754341, 496791000
79.362350, 80.100777, 80.078926, 500499000
76.705940, 80.428970, 80.333099, 504277000
76.762352, 80.840462, 80.664948, 509491000
79.353638, 81.157204, 80.949135, 513211000
78.675560, 81.522827, 81.261971, 518115000
79.100166, 81.873428, 81.562325, 523014000
80.135513, 82.257408, 81.910088, 527887000
81.901367, 82.730537, 82.373589, 532833000
79.928360, 83.213676, 82.798157, 537930000
80.275795, 83.694260, 83.218681, 542915000
80.447823, 84.154762, 83.614555, 547934000
82.766045, 84.613327, 84.046982, 552771000
82.431343, 85.073532, 84.465675, 558439000
85.535004, 85.559715, 84.963524, 563385000
82.659233, 86.058052, 85.405807, 568428000
82.782150, 86.530441, 85.816277, 573291000
83.600502, 87.202385, 86.430473, 580148000
85.712837, 87.659805, 86.864395, 585055000
85.712685, 88.047554, 87.221359, 589666000
84.971405, 88.325310, 87.448563, 595111000
86.620972, 88.525108, 87.627815, 600037000
85.821373, 88.647522, 87.711655, 604989000
90.581116, 88.784370, 87.903160, 609911000
87.265602, 88.907112, 88.010704, 614861000
86.423798, 89.082970, 88.151306, 619685000
86.495102, 89.241440, 88.273483, 624702000
85.444916, 89.394600, 88.367012, 629957000
86.785133, 89.564827, 88.502197, 634955000
86.516006, 89.738770, 88.632942, 639911000
87.209991, 89.929558, 88.791458, 644793000
86.599617, 90.131882, 88.945900, 649787000
86.926147, 90.395226, 89.163589, 654785000
87.697128, 90.703278, 89.436157, 660399000
87.556747, 90.894989, 89.586449, 664064000
88.062172, 91.158470, 89.814178, 669314000
88.944565, 91.385239, 90.019020, 674492000
86.738762, 91.455666, 90.022430, 681029000
90.096191, 91.526833, 90.093651, 685145000
90.443680, 91.600868, 90.173210, 690162000
89.132156, 91.653618, 90.204086, 693770000
89.277611, 91.715111, 90.245819, 698654000
89.449409, 91.741425, 90.255676, 702740000
88.989937, 91.735634, 90.224693, 707489000
89.321243, 91.729836, 90.200943, 711626000
89.318092, 91.720688, 90.174324, 715496000
88.808899, 91.690926, 90.117851, 720386000
88.790993, 91.645180, 90.046486, 725494000
88.708031, 91.593697, 89.969269, 730342000
88.753349, 91.536079, 89.888489, 735324000
88.439110, 91.470299, 89.795036, 740190000
88.543884, 91.395203, 89.696419, 744964000
88.550797, 91.277412, 89.558075, 751205000
88.553680, 91.096878, 89.361061, 759010000
88.618736, 90.925316, 89.178085, 764994000
88.371315, 90.771614, 89.011322, 769903000
89.019173, 90.614983, 88.857979, 774550000
88.125221, 90.306854, 88.541359, 782332000
87.711571, 89.940887, 88.166122, 790074000
87.528267, 89.694435, 87.911842, 794923000
87.416428, 89.500473, 87.711853, 798578000
88.091011, 89.191055, 87.416206, 803775000
87.383408, 88.943947, 87.173386, 807590000
86.524689, 88.577438, 86.801231, 812838000
86.189720, 88.302391, 86.519455, 816653000
86.051819, 87.922157, 86.137474, 821623000
86.050117, 87.540672, 85.761871, 826342000
85.937813, 87.058945, 85.293297, 831285000
83.739944, 84.618423, 82.870522, 849506000
83.139519, 83.761520, 82.036133, 855568000
82.444473, 83.267670, 81.560326, 858951000
81.722496, 82.439621, 80.752083, 864368000
80.272377, 80.718903, 79.056183, 875146000
79.681953, 80.147415, 78.508636, 878671000
79.128738, 79.173767, 77.566864, 884417000
77.961800, 77.314735, 75.752914, 894537000
77.205566, 76.637955, 75.118729, 898122000
78.318886, 75.495193, 74.062828, 903378000
72.504875, 74.427795, 72.985619, 908467000
72.075058, 73.692497, 72.246811, 912116000
73.081085, 72.365540, 70.963081, 918784000
72.856133, 71.726845, 70.375023, 921926000
71.154556, 70.532555, 69.220207, 927690000
69.332001, 69.601074, 68.309593, 932631000
68.324326, 69.014984, 67.735519, 937577000
68.833923, 68.345970, 67.101852, 942418000
66.697090, 67.719612, 66.479927, 947313000
65.356125, 67.244453, 65.991798, 952334000
67.952728, 66.762863, 65.559059, 957324000
68.046654, 66.370445, 65.224243, 960934000
68.694931, 66.183731, 65.110680, 966581000
62.563934, 66.048431, 64.927155, 970018000
66.113342, 65.866432, 64.772522, 974955000
66.679955, 65.703461, 64.650955, 979479000
68.117470, 65.409866, 64.432564, 985601000
68.201759, 65.209961, 64.312042, 989905000
64.287857, 64.835625, 63.944710, 995563000
65.760521, 64.514259, 63.666092, 1280000
64.578903, 64.195961, 63.372414, 6047000
64.696510, 63.791225, 63.002254, 11887000
65.131081, 63.443348, 62.703911, 16296000
64.396896, 63.053654, 62.355869, 20658000
63.985737, 62.600201, 61.944084, 25316000
63.094452, 62.153198, 61.529030, 29667000
63.243984, 61.641968, 61.062325, 34349000
63.845406, 61.089626, 60.576694, 38764000
63.694000, 60.474602, 60.036316, 43301000
62.461384, 59.820465, 59.443768, 47798000
61.221786, 59.163082, 58.835091, 52224000
60.800846, 58.526878, 58.250931, 56466000
59.742359, 57.865448, 57.632557, 60861000
59.676392, 57.075768, 56.899548, 65980000
59.411854, 56.410088, 56.297428, 70170000
59.272167, 55.582859, 55.546242, 74963000
59.753704, 54.748276, 54.812500, 79385000
58.227936, 53.817005, 53.968163, 84060000
57.194717, 52.532761, 52.774136, 90207000
57.628044, 51.804646, 52.157661, 93613000
55.376881, 50.692337, 51.131985, 98406000
54.164753, 49.439400, 49.964760, 103585000
53.131020, 48.333279, 48.944088, 108057000
51.058559, 47.231976, 47.907101, 112528000
50.748264, 46.097996, 46.852623, 117089000
48.947323, 44.913322, 45.733540, 121936000
47.568729, 43.832108, 44.710651, 126504000
47.110641, 43.156143, 44.096210, 129454000
47.231415, 41.939926, 42.967026, 134616000
45.271267, 40.905838, 41.999706, 139062000
45.627357, 39.851570, 41.039078, 143469000
45.651524, 38.695190, 39.998074, 148016000
43.741413, 37.562927, 38.963322, 152453000
42.938271, 36.390850, 37.894184, 156999000
41.689251, 35.502254, 37.099262, 160424000
40.294170, 33.910362, 35.603104, 166520000
38.742062, 32.898743, 34.674496, 170433000
38.201889, 31.685068, 33.555641, 175069000
36.877914, 30.532478, 32.492546, 179498000
36.336113, 29.330208, 31.391193, 183983000
35.255547, 27.746540, 29.916487, 189928000
33.946991, 26.574829, 28.848820, 194358000
32.305637, 25.424332, 27.790468, 198849000
31.837646, 24.554119, 27.018604, 202253000
30.584743, 23.408730, 25.967445, 206766000
29.194376, 22.223444, 24.870403, 211595000
29.147955, 21.272114, 24.023653, 215440000
30.567245, 20.127737, 23.033037, 219831000
25.720177, 18.992935, 21.974676, 224618000
26.373808, 17.942560, 21.033291, 229052000
24.604038, 16.968719, 20.150343, 233452000
24.184994, 15.955790, 19.238365, 238040000
24.741871, 14.975745, 18.387993, 242426000
22.498999, 13.763862, 17.282568, 248064000
22.612610, 12.655943, 16.303410, 252618000
21.711338, 11.525668, 15.303900, 257124000
20.605646, 10.380154, 14.287331, 261557000
18.783722, 9.234648, 13.254663, 265958000
18.327065, 7.888553, 12.036938, 270923000
17.061470, 6.683803, 10.956774, 275405000
15.824178, 5.458365, 9.853193, 279862000
14.590382, 4.153969, 8.669628, 284513000
13.583915, 2.907051, 7.545934, 289061000
11.053761, 1.345303, 6.085578, 295177000
11.073346, 0.213120, 5.075794, 299619000
8.691569, -0.851753, 4.104535, 304034000
7.949781, -1.910997, 3.143380, 308581000
8.200048, -2.722655, 2.449088, 312131000
5.704278, -3.749229, 1.508150, 317035000
6.025542, -4.578259, 0.786049, 321412000
5.385882, -5.134573, 0.332857, 324483000
2.761779, -5.772706, -0.243935, 329512000
-0.416703, -6.188195, -0.654569, 334139000
3.706538, -6.523915, -0.896352, 338495000
5.466475, -6.748082, -0.988779, 341677000
3.673024, -7.043230, -1.184788, 346713000
2.456640, -7.306236, -1.369706, 351217000
3.310339, -7.496717, -1.462777, 354707000
3.414595, -7.730041, -1.593886, 359345000
3.153619, -7.935194, -1.699986, 363948000
2.402662, -8.084045, -1.763808, 367621000
2.312924, -8.236474, -1.831653, 372969000
2.969628, -8.371034, -1.867496, 377579000
2.635897, -8.476086, -1.880379, 380954000
1.858519, -8.618274, -1.944946, 385682000
1.720682, -8.724456, -1.975692, 388632000
1.202096, -8.999969, -2.182139, 395451000
1.847224, -9.199092, -2.296692, 400599000
1.658793, -9.374330, -2.389316, 405526000
0.912751, -9.514982, -2.461114, 410094000
0.428440, -9.610785, -2.497209, 413499000
0.557798, -9.715285, -2.538519, 418155000
1.089897, -9.807356, -2.556180, 423138000
1.082634, -9.934946, -2.608442, 427715000
0.210718, -9.964710, -2.581228, 432295000
1.259933, -10.090557, -2.627735, 436992000
1.445827, -10.147003, -2.601581, 441274000
1.067699, -10.186848, -2.567242, 445816000
1.176446, -10.209201, -2.514275, 448782000
1.092014, -10.244875, -2.477110, 453967000
1.123285, -10.287457, -2.446833, 458261000
0.835649, -10.345098, -2.437672, 463817000
1.089279, -10.407559, -2.428344, 468238000
1.735450, -10.458351, -2.394845, 472811000
0.908902, -10.509658, -2.379051, 476663000
1.272123, -10.593947, -2.388631, 481509000
0.867111, -10.638182, -2.366866, 484501000
0.919555, -10.719500, -2.380829, 489716000
0.960670, -10.814322, -2.406925, 494065000
0.447258, -10.893427, -2.427364, 500466000
0.285766, -10.944871, -2.423517, 504891000
1.395504, -10.992910, -2.394215, 509461000
0.796586, -11.027610, -2.364404, 513956000
0.875781, -11.186088, -2.454909, 526205000
0.136200, -11.236744, -2.452730, 529355000
0.723010, -11.292544, -2.443900, 532802000
0.215721, -11.413170, -2.508920, 539565000
-0.045618, -11.473979, -2.519247, 542889000
-0.771546, -11.555038, -2.563731, 548517000
0.081658, -11.694291, -2.647291, 557201000
-0.413031, -11.768559, -2.675388, 562452000
-0.763157, -11.832519, -2.699824, 569416000
-0.729814, -11.858719, -2.686100, 572725000
-0.250710, -11.918363, -2.695843, 580887000
-0.360975, -11.942979, -2.673270, 586339000
-0.507388, -11.968791, -2.655249, 593332000
-0.744358, -11.982534, -2.630501, 597391000
0.014262, -12.005835, -2.600439, 603112000
1.236984, -12.048593, -2.565593, 609050000
-0.701818, -12.073624, -2.552849, 612358000
-0.272890, -12.133256, -2.565689, 619530000
-0.499222, -12.202249, -2.591972, 624305000
-0.828049, -12.407724, -2.758060, 632623000
-0.300085, -12.531939, -2.830630, 636135000
-3.281298, -12.664172, -2.969233, 641221000
-0.577874, -12.741682, -2.997365, 646158000
-0.917514, -12.827563, -3.039932, 650896000
-0.297967, -12.997506, -3.151637, 663773000
-1.292733, -13.055135, -3.170935, 667433000
-0.153186, -13.121845, -3.175956, 670873000
-2.174738, -13.261405, -3.292701, 677070000
-2.580265, -13.373045, -3.387860, 685404000
-0.942073, -13.449391, -3.413764, 690849000
-1.585249, -13.493394, -3.420316, 695664000
-1.915456, -13.518363, -3.414689, 701936000
-1.425557, -13.529624, -3.385942, 706892000
-2.013159, -13.532745, -3.361545, 711893000
-2.488563, -13.536743, -3.348003, 716845000
-1.764073, -13.538863, -3.318402, 721651000
-1.818300, -13.538331, -3.287878, 726570000
-1.686440, -13.538395, -3.255913, 731219000
-1.753671, -13.538258, -3.225734, 739449000
-2.465623, -13.534646, -3.206992, 742601000
-2.511280, -13.530659, -3.189169, 746226000
-1.599353, -13.525923, -3.152732, 752422000
-1.541723, -13.524384, -3.119004, 755888000
-1.785943, -13.517845, -3.085934, 763811000
-1.776595, -13.509085, -3.051162, 768933000
-1.775504, -13.502025, -3.018730, 773748000
-1.851405, -13.493105, -2.986642, 779588000
-1.643391, -13.489501, -2.956245, 786319000
-1.461739, -13.486330, -2.923247, 789959000
-1.510497, -13.475634, -2.884510, 795226000
-1.385538, -13.467726, -2.846780, 800111000
-2.144090, -13.450839, -2.816177, 807584000
-1.971621, -13.426274, -2.775213, 812461000
-2.015907, -13.399590, -2.733877, 818011000
-1.293175, -13.372664, -2.678676, 824593000
-1.697799, -13.347853, -2.634742, 830727000
-1.430862, -13.310580, -2.574138, 839265000
-1.878099, -13.288337, -2.538418, 842555000
-0.213863, -13.270764, -2.474705, 849095000
-1.179471, -13.259278, -2.437545, 855210000
-1.256619, -13.246432, -2.401337, 860782000
-1.242723, -13.217329, -2.349643, 869144000
-1.358674, -13.199794, -2.312639, 872636000
-1.244615, -13.120588, -2.213658, 884404000
-1.179048, -13.095665, -2.168541, 888339000
-1.124855, -13.070601, -2.123104, 892194000
-1.290738, -12.981193, -2.018836, 906876000
-0.729338, -12.972245, -1.984278, 910225000
-0.841676, -12.972187, -1.961369, 913717000
-1.318970, -12.966548, -1.942995, 919574000
-1.054536, -12.945890, -1.904981, 925810000
-0.358882, -12.918339, -1.847059, 935836000
-0.647553, -12.916352, -1.821122, 939253000
-0.702117, -12.918377, -1.800727, 942497000
-0.867918, -12.921845, -1.785470, 945796000
-0.680349, -12.927254, -1.768667, 949240000
-0.806820, -12.933750, -1.755797, 952396000
-0.728065, -12.943341, -1.744642, 956074000
-0.270502, -12.959979, -1.731465, 962607000
-0.968752, -12.978862, -1.734715, 970157000
-0.238650, -12.993774, -1.719408, 977680000
-1.150008, -12.999277, -1.713412, 982695000
-0.750809, -13.003408, -1.698209, 987911000
-0.729173, -13.005006, -1.680393, 992689000
-0.831713, -13.008443, -1.666788, 997939000
-0.787977, -13.008593, -1.649359, 3092000
-0.139244, -13.010613, -1.621137, 11418000
-0.220808, -13.016936, -1.599326, 15294000
-1.016214, -13.034157, -1.604541, 22627000
-0.835459, -13.047383, -1.602122, 27583000
-0.932392, -13.060586, -1.601665, 32927000
-0.832962, -13.072259, -1.597731, 36832000
-0.831727, -13.093006, -1.602744, 44930000
-0.644119, -13.097000, -1.587485, 48013000
-0.151570, -13.096761, -1.558533, 53078000
-0.861649, -13.077862, -1.526075, 56667000
-0.789557, -13.066082, -1.499800, 63260000
-0.980939, -13.062025, -1.485447, 68464000
-0.141905, -13.059842, -1.456436, 72124000
-1.046838, -13.055918, -1.444398, 79250000
-0.740119, -13.057947, -1.432302, 84591000
-0.724495, -13.061350, -1.421481, 91581000
-0.584804, -13.068048, -1.411311, 98788000
-0.908150, -13.075613, -1.408663, 103751000
-0.698845, -13.083840, -1.402529, 108657000
-0.652285, -13.096227, -1.399663, 116043000
-0.896341, -13.103366, -1.396593, 119819000
-1.671556, -13.110670, -1.409251, 124759000
-0.877202, -13.118070, -1.405861, 129712000
-1.713892, -13.123069, -1.416921, 134683000
-0.700841, -13.131209, -1.410577, 139627000
-0.780658, -13.133936, -1.400651, 143207000
-0.877836, -13.140475, -1.396602, 148570000
-0.786376, -13.144462, -1.388304, 152203000
-0.876941, -13.107232, -1.341592, 157576000
0.279725, -13.108274, -1.310187, 162863000
-0.757925, -13.110751, -1.301570, 166738000
-0.169531, -13.111289, -1.279456, 171839000
-1.576084, -13.112137, -1.286219, 175565000
-0.927894, -13.116166, -1.283001, 180464000
-0.759192, -13.121000, -1.277263, 186131000
-0.638100, -13.132622, -1.275868, 191387000
-0.559961, -13.141729, -1.270476, 197422000
-0.605330, -13.145749, -1.261112, 202134000
-0.718393, -13.150174, -1.254594, 207057000
-0.738009, -13.151234, -1.245301, 212049000
-0.473168, -13.151536, -1.230155, 218870000
-0.880497, -13.153927, -1.225504, 223631000
-0.268422, -13.159565, -1.211888, 228699000
-0.732114, -13.163134, -1.205789, 232302000
-0.663841, -13.170197, -1.201872, 237628000
-0.554016, -13.173117, -1.191776, 241315000
-0.899201, -13.180357, -1.193020, 246652000
-0.640249, -13.185948, -1.187445, 250395000
-0.705067, -13.195157, -1.186822, 255647000
-0.708489, -13.202505, -1.184456, 260516000
-0.420556, -13.210856, -1.177362, 265279000
-0.719691, -13.216840, -1.174073, 268577000
-0.771693, -13.224571, -1.173602, 273700000
-0.720677, -13.231821, -1.171649, 279431000
-0.708772, -13.237777, -1.168228, 284506000
-0.902623, -13.242272, -1.167321, 289872000
-0.705251, -13.246976, -1.162689, 293590000
-0.795435, -13.257628, -1.165783, 299461000
-0.599093, -13.266314, -1.162961, 304458000
-0.633825, -13.277556, -1.163396, 309373000
-0.785571, -13.289924, -1.167959, 314200000
-0.755388, -13.309265, -1.178662, 322029000
-0.150402, -13.323921, -1.172460, 326957000
-0.575397, -13.341146, -1.177398, 332901000
-1.728832, -13.362335, -1.209193, 339333000
-0.878894, -13.378757, -1.218681, 344097000
-0.855432, -13.395252, -1.227581, 349058000
-0.870258, -13.412190, -1.237034, 354083000
-0.823052, -13.430724, -1.246918, 358924000
-0.846668, -13.449767, -1.257575, 363938000
-1.565231, -13.468062, -1.281657, 368915000
-0.906310, -13.487741, -1.293435, 373896000
-0.218006, -13.505611, -1.289439, 378903000
-0.921372, -13.519923, -1.296103, 383816000
-1.000934, -13.531204, -1.301256, 388683000
-0.987278, -13.539522, -1.303128, 392344000
-1.195449, -13.546223, -1.307541, 398367000
-1.046379, -13.547194, -1.303269, 403298000
-1.041870, -13.547186, -1.298034, 408424000
-1.626850, -13.547126, -1.304551, 412019000
-0.710321, -13.542732, -1.288361, 419997000
-0.974532, -13.541506, -1.280882, 423636000
-0.187696, -13.538936, -1.256500, 428435000
-0.751958, -13.538240, -1.245728, 432540000
-0.821771, -13.537525, -1.236548, 436417000
-0.888953, -13.538221, -1.230278, 441540000
-0.796876, -13.541109, -1.224440, 446533000
-0.687342, -13.543967, -1.216500, 450142000
-0.969969, -13.549240, -1.216736, 455385000
-0.728786, -13.556718, -1.214306, 460340000
-0.894250, -13.561229, -1.212326, 464040000
-0.856885, -13.566014, -1.209907, 468872000
-0.765840, -13.571680, -1.206578, 473002000
-0.205597, -13.580663, -1.195361, 479407000
-0.751578, -13.588517, -1.194182, 484458000
-0.933614, -13.597131, -1.197412, 489594000
-0.991924, -13.602497, -1.198561, 493186000
-0.903998, -13.608982, -1.199025, 498439000
-0.860407, -13.615702, -1.198838, 502937000
-0.714305, -13.622461, -1.195772, 508217000
-0.839200, -13.627645, -1.193720, 513076000
-0.778141, -13.630283, -1.187994, 516843000
-0.719923, -13.635649, -1.183891, 523750000
-0.844181, -13.641055, -1.182395, 529382000
-1.649100, -13.645681, -1.196263, 533084000
-0.145976, -13.652448, -1.181888, 538433000
-0.954052, -13.658758, -1.183516, 542032000
-0.819314, -13.669561, -1.186819, 546952000
-0.935262, -13.680772, -1.192774, 552093000
-1.112958, -13.690864, -1.201068, 556626000
-0.768204, -13.699725, -1.201095, 561510000
-0.969680, -13.708176, -1.204748, 566459000
-1.055505, -13.714473, -1.207934, 570082000
-0.809449, -13.722882, -1.208206, 575490000
-0.953345, -13.730156, -1.210237, 579217000
-0.929123, -13.738600, -1.212890, 584075000
-1.647673, -13.746118, -1.228953, 587810000
-0.805353, -13.754977, -1.229163, 592863000
-0.180781, -13.764357, -1.217387, 598667000
-0.916288, -13.776038, -1.222813, 604384000
-0.923919, -13.788366, -1.228917, 609196000
-1.010136, -13.799601, -1.235551, 614242000
-1.014152, -13.810579, -1.241882, 619074000
-0.784430, -13.824447, -1.246323, 625712000
-0.277469, -13.831725, -1.234078, 629328000
-0.995748, -13.841887, -1.239270, 634576000
-1.091628, -13.850794, -1.245046, 638181000
-0.155967, -13.864121, -1.236325, 643383000
-0.922414, -13.879291, -1.244913, 648381000
-0.930352, -13.894959, -1.253977, 653368000
-0.716913, -13.911596, -1.259540, 658418000
-1.038271, -13.922307, -1.265611, 662038000
-1.015790, -13.938221, -1.276210, 667501000
-0.973616, -13.952366, -1.284020, 672801000
-1.006971, -13.963940, -1.289822, 676653000
-1.008177, -13.978053, -1.298020, 681303000
-1.076948, -13.991720, -1.306992, 685550000
-1.273886, -14.006108, -1.320430, 690568000
-1.662921, -14.016895, -1.337851, 694195000
-1.713399, -14.028766, -1.356996, 697919000
-1.486347, -14.043230, -1.373757, 703130000
-0.979997, -14.055124, -1.377538, 707691000
-0.179339, -14.087191, -1.385000, 712672000
-1.039030, -14.099950, -1.390584, 716793000
-1.091628, -14.114791, -1.399149, 721969000
-1.086224, -14.130323, -1.408113, 727596000
-1.173738, -14.145380, -1.418181, 732582000
-1.137201, -14.163393, -1.430214, 737586000
2.284291, -14.177952, -1.370191, 742407000
-1.178299, -14.189773, -1.377938, 747376000
-1.125958, -14.202614, -1.385482, 752329000
-1.168175, -14.215220, -1.393491, 757432000
-1.013431, -14.225558, -1.396021, 762417000
-1.087607, -14.234942, -1.399049, 767188000
-1.188064, -14.242168, -1.401910, 770778000
-1.105254, -14.252308, -1.405914, 776141000
-1.354118, -14.262941, -1.415299, 781122000
-1.302169, -14.273756, -1.423635, 786047000
-1.167179, -14.283808, -1.428356, 791041000
-1.348468, -14.292351, -1.435131, 794801000
-1.345093, -14.301049, -1.441854, 799595000
-1.143079, -14.309697, -1.444354, 805384000
-0.202848, -14.318463, -1.428115, 812574000
-1.170522, -14.320516, -1.424975, 816428000
-1.137201, -14.322555, -1.421218, 821395000
-1.028182, -14.323993, -1.414766, 825178000
-1.254788, -14.324618, -1.412180, 832121000
-1.143079, -14.322514, -1.404735, 837407000
-1.376762, -14.321015, -1.402708, 842292000
-1.101118, -14.321120, -1.396779, 845902000
-1.725834, -14.321597, -1.403827, 851192000
-1.148450, -14.323891, -1.400968, 856393000
-1.725834, -14.325970, -1.409503, 860085000
-1.079321, -14.326283, -1.403206, 865333000
-1.086870, -14.326220, -1.396818, 869096000
-0.307602, -14.327777, -1.376559, 874493000
-0.994884, -14.330785, -1.371873, 879693000
-1.240067, -14.333658, -1.372053, 885416000
-1.044721, -14.336667, -1.368455, 891065000
-1.065554, -14.339769, -1.365438, 896291000
-1.181061, -14.342839, -1.364758, 901209000
-1.176070, -14.343435, -1.361568, 906147000
-1.035099, -14.344448, -1.356031, 910319000
-1.098749, -14.344257, -1.350699, 916284000
-1.111174, -14.345415, -1.347043, 919913000
-1.211749, -14.347140, -1.346027, 925320000
-1.057664, -14.352113, -1.345134, 932123000
-1.212570, -14.358678, -1.348917, 937251000
-0.985176, -14.361128, -1.344043, 940827000
-0.215265, -14.370378, -1.330532, 946196000
-0.959682, -14.378950, -1.331517, 951501000
-1.021809, -14.384459, -1.330721, 955387000
-0.907844, -14.390553, -1.328236, 960091000
-0.992800, -14.396136, -1.326999, 964253000
-0.978473, -14.403384, -1.327131, 969536000
-1.144924, -14.407708, -1.327724, 973127000
-1.052385, -14.415940, -1.330284, 978319000
-1.169794, -14.421015, -1.332047, 982018000
-1.033464, -14.426320, -1.331275, 985843000
-1.232842, -14.432866, -1.335722, 989711000
-1.740244, -14.440315, -1.351112, 994697000
-1.174040, -14.445838, -1.352983, 998320000
-1.058379, -14.455538, -1.356597, 3666000
-1.045012, -14.460879, -1.355600, 7394000
-1.270442, -14.469931, -1.362767, 13215000
-0.911378, -14.476867, -1.360537, 17906000
-1.190394, -14.481005, -1.361190, 20825000
-1.103442, -14.486628, -1.361546, 24708000
-1.246724, -14.492702, -1.365203, 29040000
-1.045012, -14.500463, -1.366404, 36113000
-0.300446, -14.504424, -1.348967, 39936000
-1.024212, -14.506469, -1.344476, 44416000
-1.131311, -14.508616, -1.342317, 48694000
-1.205581, -14.510864, -1.341786, 53311000
-1.141904, -14.513423, -1.340296, 57982000
-1.112979, -14.516685, -1.338947, 63478000
-1.060285, -14.520951, -1.337555, 68970000
-1.165106, -14.525534, -1.338597, 73527000
-1.061263, -14.530602, -1.338017, 78146000
-1.279438, -14.536511, -1.342637, 82603000
-1.231115, -14.543157, -1.346919, 88193000
-1.146776, -14.550620, -1.350231, 93089000
-1.267936, -14.557068, -1.354904, 97687000
-1.176809, -14.562593, -1.356756, 102162000
-1.019403, -14.569153, -1.356438, 106692000
-1.162509, -14.575846, -1.359119, 111127000
-1.121298, -14.582069, -1.360461, 115169000
-1.038711, -14.589928, -1.361728, 119898000
-1.141393, -14.598118, -1.365347, 124265000
-0.982426, -14.605628, -1.365048, 128826000
-1.073946, -14.611109, -1.364598, 132250000
-1.079848, -14.620678, -1.368280, 138789000
-1.302044, -14.629655, -1.375753, 143954000
-0.861545, -14.636515, -1.372191, 148409000
-1.252241, -14.642405, -1.375565, 152564000
-0.957077, -14.649430, -1.374080, 157365000
-0.964156, -14.653792, -1.370157, 160346000
-1.070837, -14.662108, -1.372321, 165642000
-0.913668, -14.668144, -1.369063, 169900000
-1.173738, -14.674847, -1.371725, 174341000
-1.710906, -14.682778, -1.386282, 178826000
-1.197783, -14.691775, -1.391329, 184240000
-1.711101, -14.702087, -1.407830, 189694000
-1.179471, -14.710032, -1.411048, 194186000
-1.083296, -14.721272, -1.415509, 200828000
-1.068629, -14.727532, -1.414706, 205443000
-1.166279, -14.732024, -1.414140, 208870000
-1.003350, -14.739036, -1.412796, 213981000
-1.137858, -14.743464, -1.411636, 218907000
-0.945056, -14.747515, -1.406275, 223656000
-1.272739, -14.749990, -1.406029, 229266000
-1.235447, -14.750790, -1.403401, 233668000
-1.156185, -14.750587, -1.398258, 240025000
-1.256619, -14.752885, -1.397677, 244467000
-1.349588, -14.754229, -1.398033, 248892000
-0.995919, -14.756748, -1.392460, 253491000
-1.296460, -14.759705, -1.393438, 258115000
-1.135881, -14.761246, -1.389797, 262525000
-1.152661, -14.762333, -1.386120, 265777000
-0.813183, -14.766615, -1.378857, 270983000
-1.032261, -14.770247, -1.375486, 275483000
-1.228199, -14.775982, -1.378159, 280071000
-1.218379, -14.780583, -1.379473, 284385000
-0.877836, -14.787270, -1.375993, 289002000
-0.938939, -14.793805, -1.373657, 293377000
-1.148138, -14.802011, -1.377188, 297717000
-1.266055, -14.809317, -1.382125, 302281000
-1.207102, -14.817850, -1.386988, 306688000
-1.283050, -14.825304, -1.392214, 311215000
-1.149625, -14.831283, -1.393221, 314625000
-1.056463, -14.841938, -1.396928, 319879000
-1.093376, -14.846506, -1.395334, 322846000
-1.688530, -14.853883, -1.408427, 327994000
-1.059799, -14.859460, -1.406920, 332249000
-1.136153, -14.865565, -1.407489, 337018000
-1.210242, -14.871237, -1.409101, 343222000
-1.197783, -14.876704, -1.410233, 347706000
-0.998516, -14.882898, -1.408069, 352272000
-1.312314, -14.893954, -1.416989, 356980000
-1.259854, -14.899391, -1.419175, 361496000
-1.135498, -14.909922, -1.423821, 367502000
-0.242895, -14.917094, -1.407232, 371899000
-1.064359, -14.924738, -1.407865, 376629000
-1.130669, -14.930395, -1.407865, 380895000
-1.106431, -14.932692, -1.404087, 385334000
-1.266266, -14.941140, -1.409611, 389839000
-1.167451, -14.946593, -1.410111, 394202000
-1.206747, -14.951538, -1.410890, 398838000
-1.173304, -14.957238, -1.411724, 404259000
-1.004924, -14.962182, -1.408433, 409667000
-1.001021, -14.968312, -1.406292, 416263000
-1.108804, -14.970934, -1.402911, 419450000
-0.267648, -14.977834, -1.386968, 425254000
-0.962510, -14.982326, -1.382881, 430338000
-1.699235, -14.988460, -1.395219, 434809000
-1.009008, -14.