1100,1100,-0.076625
1100,1100,-0.094159
1100,1100,-0.090651
1100,1100,-0.088501
1100,1100,-0.083376
1100,1100,-0.080142
1100,1100,-0.077177
1100,1100,-0.076074
1100,1100,-0.063689
1100,1100,-0.060233
1100,1100,-0.059767
1100,1100,-0.061274
1100,1100,-0.059463
1100,1100,-0.056698
1100,1100,-0.053914
1100,1100,-0.050461
1100,1100,-0.053779
1100,1100,-0.056100
1100,1100,-0.053640
1100,1100,-0.049700
1100,1100,-0.046526
1100,1100,-0.035695
1100,1100,-0.013626
1100,1100,-0.037311
1100,1100,-0.043261
1100,1100,-0.059057
1100,1100,-0.114239
1100,1100,-0.130042
1100,1100,-0.230116
1100,1100,-0.220345
1100,1100,-0.214427
1100,1100,-0.241033
1100,1100,-0.248511
1100,1100,-0.320181
1100,1100,-0.266103
1100,1100,-0.259386
1100,1100,-0.284728
1100,1100,-0.230658
1100,1100,-0.190825
1100,1100,-0.207926
1100,1100,-0.188641
1100,1100,-0.207957
1100,1100,-0.196057
1100,1100,-0.190799
1100,1100,-0.145150
1100,1100,-0.142276
1100,1100,-0.177999
1100,1100,-0.215161
1100,1100,-0.208420
1100,1100,-0.207343
1100,1100,-0.278381
1100,1100,-0.246021
1100,1100,-0.217070
1100,1100,-0.204071
1100,1100,-0.179665
1100,1100,-0.158613
1100,1100,-0.153535
1100,1100,-0.210181
1100,1100,-0.231382
1100,1100,-0.201836
1100,1100,-0.185953
1100,1100,-0.159502
1100,1100,-0.128852
1100,1100,-0.128121
1100,1100,-0.055420
1100,1100,-0.051735
1100,1100,-0.062385
1100,1100,-0.044523
1100,1100,-0.122638
1100,1100,-0.095702
1100,1100,-0.096134
1100,1100,-0.115226
1100,1100,-0.128755
1100,1100,-0.161745
1100,1100,-0.148785
1100,1100,-0.156448
1100,1100,-0.145947
1100,1100,-0.095940
1100,1100,-0.039848
1100,1100,-0.056381
1100,1100,-0.048987
1100,1100,-0.076362
1100,1100,-0.095443
1100,1100,-0.082582
1100,1100,-0.068276
1100,1100,-0.071436
1100,1100,-0.087915
1100,1100,-0.069416
1100,1100,-0.088687
1100,1100,-0.080825
1100,1100,-0.032320
1100,1100,-0.066900
1100,1100,-0.070313
1100,1100,-0.079158
1100,1100,-0.007708
1100,1100,-0.054908
1100,1100,-0.021290
1100,1100,-0.043170
1100,1100,-0.052175
1100,1100,-0.032001
1100,1100,-0.023773
1100,1100,0.007165
1100,1100,-0.037544
1100,1100,-0.012028
1100,1100,-0.068671
1100,1100,-0.030052
1100,1100,0.032704
1100,1100,0.012514
1100,1100,0.030248
1100,1100,0.004414
1100,1100,0.011503
1100,1100,-0.032779
1100,1100,-0.057761
1100,1100,-0.047107
1100,1100,-0.025637
1100,1100,-0.006085
1100,1100,-0.013234
1100,1100,-0.019615
1100,1100,-0.008248
1100,1100,-0.028552
1100,1100,-0.076600
1100,1100,-0.113913
1100,1100,-0.069733
1100,1100,-0.034109
1100,1100,-0.019565
1100,1100,-0.082272
1100,1100,-0.114865
1100,1100,-0.151403
1100,1100,-0.075941
1100,1100,-0.089742
1100,1100,-0.152107
1100,1100,-0.069367
1100,1100,-0.091860
1100,1100,-0.141683
1100,1100,-0.095834
1100,1100,-0.056634
1100,1100,-0.023523
1100,1100,0.047497
1100,1100,0.030331
1100,1100,0.074127
1100,1100,0.040560
1100,1100,0.053173
1100,1100,0.001898
1100,1100,0.014186
1100,1100,-0.005243
1100,1100,-0.011035
1100,1100,0.035396
1100,1100,-0.012047
1100,1100,-0.029161
1100,1100,-0.051209
1100,1100,-0.057163
1100,1100,0.004918
1100,1100,-0.026118
1100,1100,-0.028220
1100,1100,-0.054233
1100,1100,0.011756
1100,1100,0.046938
1100,1100,0.021574
1100,1100,-0.027568
1100,1100,-0.014773
1100,1100,-0.035530
1100,1100,-0.040079
1100,1100,0.010144
1100,1100,0.000006
1100,1100,0.029696
1100,1100,0.009166
1100,1100,0.050482
1100,1100,0.050012
1100,1100,0.012459
1100,1100,0.028721
1100,1100,0.123147
1100,1100,0.166484
1100,1100,0.162505
1100,1100,0.149172
1100,1100,0.112992
1100,1100,0.085480
1100,1100,0.067674
1100,1100,0.098472
1100,1100,0.063592
1100,1100,0.128921
1100,1100,0.086416
1100,1100,0.095209
1100,1100,0.085624
1100,1100,0.115016
1100,1100,0.082559
1100,1100,0.141185
1100,1100,0.139762
1100,1100,0.171182
1100,1100,0.147121
1100,1100,0.096943
1100,1100,0.089243
1100,1100,0.132470
1100,1100,0.140906
1100,1100,0.173025
1100,1100,0.185437
1100,1100,0.210154
1100,1100,0.193740
1100,1100,0.149004
1100,1100,0.192392
1100,1100,0.180289
1100,1100,0.180005
1100,1100,0.172308
1100,1100,0.152871
1100,1100,0.128863
1100,1100,0.130115
1100,1100,0.143791
1100,1100,0.203106
1100,1100,0.129171
1100,1100,0.170180
1100,1100,0.172726
1100,1100,0.240758
1100,1100,0.170306
1100,1100,0.159489
1100,1100,0.249922
1100,1100,0.211521
1100,1100,0.255676
1100,1100,0.238096
1100,1100,0.218042
1100,1100,0.178254
1100,1100,0.190491
1100,1100,0.125582
1100,1100,0.146932
1100,1100,0.137890
1100,1100,0.183875
1100,1100,0.162337
1100,1100,0.189926
1100,1100,0.202531
1100,1100,0.262437
1100,1100,0.324683
1100,1100,0.255529
1100,1100,0.233685
1100,1100,0.189562
1100,1100,0.204115
1100,1100,0.080363
1100,1100,0.137686
1100,1100,-0.031496
1100,1100,-0.066016
1100,1100,-0.179907
1100,1100,-0.118305
1100,1100,-0.137445
1100,1100,-0.010868
1100,1100,-0.091441
1100,1100,0.032590
1100,1100,-0.122465
1100,1100,-0.051876
1100,1100,-0.192237
1100,1100,-0.134282
1100,1100,-0.229237
1100,1100,-0.261843
1100,1100,-0.299657
1100,1100,-0.312614
1100,1100,-0.283486
1100,1100,-0.373224
1100,1100,-0.239463
1100,1100,-0.245797
1100,1100,-0.321274
1100,1100,-0.296828
1100,1100,-0.299127
1100,1100,-0.248289
1100,1100,-0.122372
1100,1100,-0.250591
1100,1100,-0.114375
1100,1100,-0.154204
1100,1100,-0.146912
1100,1100,-0.066664
1100,1100,-0.085584
1100,1100,0.049898
1100,1100,0.056077
1100,1100,0.147540
1100,1100,0.200144
1100,1100,0.269871
1100,1100,0.216765
1100,1100,0.290993
1100,1100,0.210176
1100,1100,0.296004
1100,1100,0.216381
1100,1100,0.314661
1100,1100,0.261775
1100,1100,0.306331
1100,1100,0.258903
1100,1100,0.293974
1100,1100,0.300618
1100,1100,0.225402
1100,1100,0.263436
1100,1100,0.195280
1100,1100,0.317293
1100,1100,0.291234
1100,1100,0.378343
1100,1100,0.359897
1100,1100,0.442040
1100,1100,0.386435
1100,1100,0.364408
1100,1100,0.330044
1100,1100,0.286449
1100,1100,0.292926
1100,1100,0.237633
1100,1100,0.223217
1100,1100,0.141916
1100,1100,0.238676
1100,1100,0.095824
1100,1100,0.098998
1100,1100,0.101035
1100,1100,0.112826
1100,1100,0.017205
1100,1100,0.090973
1100,1100,0.080839
1100,1100,0.095720
1100,1100,0.122578
1100,1100,0.144779
1100,1100,0.152790
1100,1100,0.131810
1100,1100,0.165029
1100,1100,0.178831
1100,1100,0.184627
1100,1100,0.155523
1100,1100,0.116357
1100,1100,0.108773
1100,1100,0.120166
1100,1100,0.152271
1100,1100,0.123410
1100,1100,0.135337
1100,1100,0.089552
1100,1100,0.058936
1100,1100,0.054303
1100,1100,0.093577
1100,1100,0.049345
1100,1100,0.082377
1100,1100,0.041467
1100,1100,0.040725
1100,1100,0.054110
1100,1100,0.120861
1100,1100,0.173855
1100,1100,0.169475
1100,1100,0.198050
1100,1100,0.215074
1100,1100,0.221653
1100,1100,0.249160
1100,1100,0.329859
1100,1100,0.315021
1100,1100,0.351951
1100,1100,0.351618
1100,1100,0.387157
1100,1100,0.492536
1101,1099,0.541941
1101,1099,0.602719
1101,1099,0.619535
1101,1099,0.652028
1101,1099,0.693910
1101,1099,0.736181
1101,1099,0.766032
1101,1099,0.798718
1101,1099,0.840228
1101,1099,0.890530
1101,1099,0.987142
1101,1099,0.995015
1102,1098,1.093304
1102,1098,1.114762
1102,1098,1.204576
1102,1098,1.191490
1102,1098,1.271136
1102,1098,1.394742
1102,1098,1.390024
1103,1097,1.519725
1103,1097,1.640801
1103,1097,1.736540
1103,1097,1.930035
1104,1096,2.242741
1104,1096,2.484161
1105,1095,2.567872
1105,1095,2.712015
1105,1095,2.936078
1106,1094,3.131541
1106,1094,3.396909
1107,1093,3.593113
1107,1093,3.724570
1108,1092,4.026160
1108,1092,4.109315
1108,1092,4.264657
1108,1092,4.413311
1109,1091,4.905773
1109,1091,4.995679
1110,1090,5.087438
1110,1090,5.199835
1110,1090,5.200270
1110,1090,5.351422
1110,1090,5.461218
1111,1089,5.557220
1111,1089,5.727152
1111,1089,5.765013
1111,1089,5.986550
1112,1088,6.092908
1112,1088,6.147679
1112,1088,6.154522
1112,1088,6.206013
1112,1088,6.365302
1113,1087,6.619495
1113,1087,6.806234
1114,1086,7.035942
1114,1086,7.170005
1114,1086,7.443304
1115,1085,7.513330
1115,1085,7.627692
1115,1085,7.695253
1115,1085,7.899806
1116,1084,8.456803
1117,1083,8.546856
1117,1083,8.765876
1117,1083,8.890171
1118,1082,9.123375
1118,1082,9.437334
1119,1081,9.710263
1119,1081,9.787130
1119,1081,9.996070
1120,1080,10.124818
1120,1080,10.324701
1121,1079,10.559344
1121,1079,10.634978
1121,1079,10.800332
1121,1079,10.925543
1122,1078,11.176772
1122,1078,11.323713
1123,1077,11.620290
1123,1077,11.924782
1124,1076,12.025338
1124,1076,12.066593
1124,1076,12.204440
1124,1076,12.423187
1124,1076,12.496103
1125,1075,12.606604
1125,1075,12.602360
1125,1075,12.938276
1126,1074,13.055545
1126,1074,13.168939
1126,1074,13.298344
1127,1073,13.543083
1127,1073,13.682004
1127,1073,13.788102
1127,1073,13.977923
1128,1072,14.201351
1128,1072,14.380322
1128,1072,14.403783
1129,1071,14.553349
1129,1071,14.719234
1129,1071,14.762807
1129,1071,14.863852
1130,1070,15.034967
1130,1070,15.081268
1130,1070,15.171846
1130,1070,15.347928
1131,1069,15.502564
1131,1069,15.636300
1131,1069,15.724723
1131,1069,15.929281
1132,1068,16.155582
1132,1068,16.334621
1132,1068,16.360271
1133,1067,16.520458
1133,1067,16.624006
1133,1067,16.822149
1133,1067,16.939581
1134,1066,17.035513
1134,1066,17.215149
1134,1066,17.386984
1135,1065,17.570450
1135,1065,17.657232
1135,1065,17.806107
1135,1065,17.892874
1136,1064,18.036911
1136,1064,18.155819
1136,1064,18.235161
1136,1064,18.371973
1136,1064,18.476933
1137,1063,18.560505
1137,1063,18.582703
1137,1063,18.651188
1137,1063,18.762558
1137,1063,18.938974
1137,1063,18.960957
1138,1062,19.060863
1138,1062,19.184439
1138,1062,19.342117
1138,1062,19.457619
1139,1061,19.566807
1139,1061,19.726961
1139,1061,19.806612
1139,1061,19.963015
1140,1060,20.056822
1140,1060,20.084972
1140,1060,20.167267
1140,1060,20.202070
1140,1060,20.212549
1140,1060,20.307711
1140,1060,20.325695
1140,1060,20.355551
1140,1060,20.394508
1140,1060,20.357449
1140,1060,20.430662
1140,1060,20.442581
1140,1060,20.463505
1141,1059,20.546141
1141,1059,20.561768
1141,1059,20.571964
1141,1059,20.559660
1140,1060,20.490318
1140,1060,20.458881
1140,1060,20.472733
1140,1060,20.453968
1140,1060,20.475122
1140,1060,20.458284
1141,1059,20.521769
1141,1059,20.547892
1141,1059,20.570610
1141,1059,20.590815
1141,1059,20.603651
1141,1059,20.660355
1141,1059,20.667812
1141,1059,20.689205
1141,1059,20.749710
1141,1059,20.807699
1141,1059,20.882229
1141,1059,20.931900
1141,1059,20.969631
1142,1058,21.051342
1142,1058,21.095173
1142,1058,21.179878
1142,1058,21.214603
1142,1058,21.250311
1142,1058,21.291164
1142,1058,21.350983
1142,1058,21.396332
1142,1058,21.441387
1142,1058,21.454489
1143,1057,21.547626
1143,1057,21.650705
1143,1057,21.753609
1143,1057,21.832628
1143,1057,21.882671
1144,1056,22.380926
1144,1056,22.424036
1144,1056,22.476036
1145,1055,22.659336
1145,1055,22.812740
1145,1055,22.933239
1146,1054,23.107206
1146,1054,23.219564
1146,1054,23.364492
1147,1053,23.555838
1147,1053,23.702152
1147,1053,23.844339
1147,1053,23.949039
1148,1052,24.138819
1148,1052,24.352522
1148,1052,24.419514
1148,1052,24.455133
1149,1051,24.560638
1149,1051,24.700094
1149,1051,24.790754
1149,1051,24.963579
1150,1050,25.060385
1150,1050,25.212252
1150,1050,25.298037
1150,1050,25.377962
1151,1049,25.528858
1151,1049,25.649736
1151,1049,25.790726
1151,1049,25.960793
1152,1048,26.050356
1152,1048,26.202330
1152,1048,26.293728
1152,1048,26.354225
1152,1048,26.344641
1152,1048,26.378717
1152,1048,26.400091
1152,1048,26.460487
1153,1047,26.553801
1153,1047,26.592012
1153,1047,26.593876
1153,1047,26.659985
1153,1047,26.693466
1153,1047,26.785164
1153,1047,26.874332
1153,1047,26.915239
1153,1047,26.966663
1154,1046,27.055933
1154,1046,27.114017
1154,1046,27.150053
1154,1046,27.184542
1154,1046,27.311674
1154,1046,27.342503
1154,1046,27.406794
1155,1045,27.525286
1155,1045,27.533131
1155,1045,27.593872
1155,1045,27.626419
1155,1045,27.706699
1155,1045,27.791945
1155,1045,27.838713
1155,1045,27.945660
1155,1045,27.995157
1155,1045,27.980835
1156,1044,28.070721
1156,1044,28.148373
1156,1044,28.195660
1156,1044,28.288107
1156,1044,28.289738
1156,1044,28.384626
1157,1043,28.515327
1157,1043,28.624634
1157,1043,28.784018
1157,1043,28.863512
1157,1043,28.897612
1158,1042,29.057878
1158,1042,29.102224
1158,1042,29.219656
1158,1042,29.276157
1158,1042,29.388481
1159,1041,29.565428
1159,1041,29.691576
1159,1041,29.820517
1159,1041,29.954803
1160,1040,30.023024
1160,1040,30.249109
1160,1040,30.265911
1160,1040,30.429176
1161,1039,30.545212
1161,1039,30.643816
1161,1039,30.828333
1162,1038,31.068911
1162,1038,31.187943
1162,1038,31.298092
1162,1038,31.472902
1163,1037,31.510311
1163,1037,31.628363
1163,1037,31.761997
1163,1037,31.915491
1164,1036,32.037430
1164,1036,32.157681
1164,1036,32.246033
1164,1036,32.309437
1164,1036,32.411983
1165,1035,32.515278
1165,1035,32.689980
1165,1035,32.826248
1165,1035,32.949730
1166,1034,33.072765
1166,1034,33.148403
1166,1034,33.241150
1166,1034,33.239361
1166,1034,33.300797
1166,1034,33.387306
1166,1034,33.438824
1167,1033,33.506081
1167,1033,33.580021
1167,1033,33.681580
1167,1033,33.762684
1167,1033,33.811546
1167,1033,33.852222
1167,1033,33.966335
1168,1032,34.028584
1168,1032,34.112217
1168,1032,34.190384
1168,1032,34.204193
1168,1032,34.296085
1168,1032,34.299061
1168,1032,34.293510
1168,1032,34.287289
1168,1032,34.256046
1168,1032,34.200291
1168,1032,34.225075
1168,1032,34.239414
1168,1032,34.277809
1168,1032,34.311043
1168,1032,34.415455
1168,1032,34.478966
1168,1032,34.481075
1168,1032,34.479748
1169,1031,34.516624
1169,1031,34.568893
1169,1031,34.624973
1169,1031,34.691978
1169,1031,34.714588
1169,1031,34.819801
1169,1031,34.852188
1169,1031,34.873867
1169,1031,34.944084
1170,1030,35.023151
1170,1030,35.106136
1170,1030,35.163414
1170,1030,35.233131
1170,1030,35.293987
1170,1030,35.362564
1170,1030,35.409634
1171,1029,35.515923
1171,1029,35.632126
1171,1029,35.749393
1171,1029,35.906666
1172,1028,36.079071
1172,1028,36.153744
1172,1028,36.272026
1172,1028,36.374557
1172,1028,36.488708
1173,1027,36.583076
1173,1027,36.640324
1173,1027,36.731129
1173,1027,36.782864
1173,1027,36.946857
1173,1027,36.977425
1174,1026,37.009277
1174,1026,37.107567
1174,1026,37.168079
1174,1026,37.272839
1174,1026,37.396042
1174,1026,37.396423
1175,1025,37.530907
1175,1025,37.594746
1175,1025,37.700451
1175,1025,37.791996
1175,1025,37.951241
1176,1024,38.023487
1176,1024,38.085541
1176,1024,38.114082
1176,1024,38.193142
1176,1024,38.288155
1176,1024,38.286427
1176,1024,38.415268
1176,1024,38.455753
1176,1024,38.489559
1177,1023,38.543724
1177,1023,38.573952
1177,1023,38.714756
1177,1023,38.826477
1177,1023,38.852200
1177,1023,38.964603
1178,1022,39.096550
1178,1022,39.182648
1178,1022,39.292870
1178,1022,39.377766
1178,1022,39.471817
1179,1021,39.549564
1179,1021,39.655331
1179,1021,39.686054
1179,1021,39.799351
1179,1021,39.885742
1179,1021,39.903801
1179,1021,39.946926
1179,1021,39.975178
1179,1021,39.942501
1179,1021,39.963947
1179,1021,39.981098
1180,1020,40.071793
1180,1020,40.039108
1180,1020,40.048820
1180,1020,40.040585
1180,1020,40.123989
1180,1020,40.096519
1180,1020,40.131428
1180,1020,40.131790
1180,1020,40.185696
1180,1020,40.264198
1180,1020,40.309872
1180,1020,40.412174
1180,1020,40.461166
1180,1020,40.490536
1181,1019,40.542454
1181,1019,40.524742
1181,1019,40.591209
1181,1019,40.673382
1181,1019,40.680576
1181,1019,40.741573
1181,1019,40.824722
1181,1019,40.874733
1181,1019,40.935699
1182,1018,41.014645
1182,1018,41.136906
1182,1018,41.194050
1182,1018,41.262405
1182,1018,41.332623
1182,1018,41.399670
1183,1017,41.524536
1183,1017,41.596756
1183,1017,41.631439
1183,1017,41.657917
1183,1017,41.643143
1183,1017,41.695705
1183,1017,41.740437
1183,1017,41.813938
1183,1017,41.811527
1183,1017,41.880539
1183,1017,41.946865
1184,1016,42.051086
1184,1016,42.094349
1184,1016,42.155678
1184,1016,42.250492
1184,1016,42.277454
1184,1016,42.331650
1184,1016,42.464195
1185,1015,42.540657
1185,1015,42.604805
1185,1015,42.684715
1185,1015,42.771038
1185,1015,42.821011
1185,1015,42.917896
1185,1015,42.974331
1186,1014,43.065441
1186,1014,43.154289
1186,1014,43.197990
1186,1014,43.296200
1186,1014,43.335701
1186,1014,43.330971
1186,1014,43.255268
1186,1014,43.235359
1186,1014,43.236431
1186,1014,43.174828
1186,1014,43.141605
1186,1014,43.081123
1185,1015,42.859791
1185,1015,42.667084
1185,1015,42.505177
1184,1016,42.332470
1184,1016,42.152615
1183,1017,41.901192
1183,1017,41.701321
1182,1018,41.410995
1182,1018,41.052296
1181,1019,40.549988
1180,1020,40.289379
1179,1021,39.875626
1178,1022,39.492294
1178,1022,39.044643
1177,1023,38.584549
1176,1024,38.133945
1175,1025,37.676304
1173,1027,36.772083
1172,1028,36.266129
1171,1029,35.788338
1170,1030,35.291473
1169,1031,34.828247
1168,1032,34.303699
1167,1033,33.810040
1166,1034,33.172768
1165,1035,32.864857
1164,1036,32.403801
1164,1036,32.005329
1163,1037,31.563007
1162,1038,31.161959
1161,1039,30.718206
1160,1040,30.338867
1159,1041,29.974028
1159,1041,29.633640
1158,1042,29.320562
1158,1042,29.030355
1157,1043,28.724934
1156,1044,28.405857
1156,1044,28.072447
1155,1045,27.779829
1154,1046,27.436478
1154,1046,27.092113
1153,1047,26.806917
1153,1047,26.563951
1152,1048,26.347095
1152,1048,26.096085
1151,1049,25.871723
1151,1049,25.744455
1151,1049,25.649628
1150,1050,25.438480
1150,1050,25.186987
1150,1050,25.056845
1149,1051,24.808393
1149,1051,24.624340
1148,1052,24.434435
1148,1052,24.179441
1147,1053,23.955170
1147,1053,23.721073
1147,1053,23.512115
1146,1054,23.327009
1146,1054,23.174295
1146,1054,23.024776
1145,1055,22.889860
1145,1055,22.765230
1145,1055,22.620142
1144,1056,22.449812
1144,1056,22.315359
1144,1056,22.151554
1144,1056,22.022854
1143,1057,21.854492
1143,1057,21.768820
1143,1057,21.618353
1143,1057,21.523453
1142,1058,21.383415
1142,1058,21.275806
1142,1058,21.157160
1142,1058,21.133213
1142,1058,21.096539
1142,1058,21.004673
1141,1059,20.950853
1141,1059,20.862043
1141,1059,20.788218
1141,1059,20.648125
1141,1059,20.597776
1141,1059,20.519085
1140,1060,20.464357
1140,1060,20.409100
1140,1060,20.382410
1140,1060,20.385180
1140,1060,20.353006
1140,1060,20.297291
1140,1060,20.230480
1140,1060,20.217270
1140,1060,20.107706
1140,1060,20.019773
1139,1061,19.859247
1139,1061,19.782619
1139,1061,19.702759
1139,1061,19.602491
1139,1061,19.519577
1138,1062,19.371878
1138,1062,19.257818
1138,1062,19.155220
1138,1062,19.017731
1137,1063,18.908663
1137,1063,18.826756
1137,1063,18.683765
1137,1063,18.503880
1136,1064,18.352451
1136,1064,18.184450
1136,1064,18.016546
1135,1065,17.779533
1135,1065,17.563618
1134,1066,17.356277
1134,1066,17.165585
1133,1067,16.906136
1133,1067,16.690485
1132,1068,16.398800
1132,1068,16.204723
1131,1069,15.932251
1131,1069,15.637663
1130,1070,15.393999
1130,1070,15.210801
1129,1071,14.825629
1128,1072,14.480368
1128,1072,14.187012
1127,1073,13.980900
1126,1074,13.441738
1126,1074,13.116194
1125,1075,12.739478
1124,1076,12.478951
1124,1076,12.046997
1123,1077,11.559195
1122,1078,11.175364
1121,1079,10.701944
1120,1080,10.251133
1119,1081,9.704464
1118,1082,9.255938
1117,1083,8.863197
1117,1083,8.620680
1116,1084,8.110882
1115,1085,7.686018
1114,1086,7.367481
1114,1086,7.119163
1113,1087,6.711275
1112,1088,6.289197
1111,1089,5.855482
1111,1089,5.567394
1110,1090,5.264054
1109,1091,4.908924
1109,1091,4.549506
1108,1092,4.361753
1107,1093,3.974657
1107,1093,3.765903
1106,1094,3.476805
1106,1094,3.204479
1105,1095,2.970468
1105,1095,2.689593
1105,1095,2.564034
1104,1096,2.458484
1104,1096,2.241331
1103,1097,1.956448
1103,1097,1.610501
1102,1098,1.367800
1101,1099,0.811560
1100,1100,0.351343
1100,1100,0.101524
1100,1100,-0.355985
1099,1101,-0.554762
1099,1101,-0.684921
1099,1101,-0.883130
1099,1101,-0.880646
1099,1101,-0.995388
1099,1101,-0.955423
1099,1101,-0.970527
1099,1101,-0.907633
1099,1101,-0.827930
1099,1101,-0.758696
1099,1101,-0.730832
1099,1101,-0.734586
1099,1101,-0.726431
1099,1101,-0.704873
1099,1101,-0.698149
1099,1101,-0.709229
1099,1101,-0.728345
1099,1101,-0.694691
1099,1101,-0.704257
1099,1101,-0.701016
1099,1101,-0.735504
1099,1101,-0.709841
1099,1101,-0.724849
1099,1101,-0.770253
1099,1101,-0.749149
1099,1101,-0.703025
1099,1101,-0.641718
1099,1101,-0.656433
1099,1101,-0.654877
1099,1101,-0.671980
1099,1101,-0.707188
1099,1101,-0.691856
1099,1101,-0.760543
1099,1101,-0.802023
1099,1101,-0.854352
1099,1101,-0.841447
1099,1101,-0.842646
1099,1101,-0.769973
1099,1101,-0.745631
1099,1101,-0.666191
1099,1101,-0.675996
1099,1101,-0.715561
1099,1101,-0.751487
1099,1101,-0.844442
1099,1101,-0.825403
1099,1101,-0.979187
1098,1102,-1.049753
1098,1102,-1.191509
1098,1102,-1.258978
1098,1102,-1.331303
1098,1102,-1.377691
1098,1102,-1.395321
1098,1102,-1.351306
1098,1102,-1.377087
1098,1102,-1.366992
1098,1102,-1.349698
1098,1102,-1.435047
1097,1103,-1.501831
1097,1103,-1.543981
1097,1103,-1.671374
1097,1103,-1.667109
1097,1103,-1.798545
1097,1103,-1.905168
1097,1103,-1.886471
1097,1103,-1.951551
1096,1104,-2.137397
1096,1104,-2.353226
1096,1104,-2.414359
1095,1105,-2.526553
1095,1105,-2.647022
1095,1105,-2.763652
1095,1105,-2.936238
1094,1106,-3.107043
1094,1106,-3.330710
1093,1107,-3.584205
1093,1107,-3.778684
1093,1107,-3.951949
1092,1108,-4.181097
1092,1108,-4.223319
1091,1109,-4.544252
1091,1109,-4.751239
1091,1109,-4.908160
1090,1110,-5.134021
1090,1110,-5.280811
1089,1111,-5.553734
1089,1111,-5.839579
1088,1112,-6.006044
1088,1112,-6.271809
1087,1113,-6.505527
1087,1113,-6.697770
1086,1114,-7.053830
1086,1114,-7.114860
1086,1114,-7.373107
1085,1115,-7.503073
1085,1115,-7.583364
1085,1115,-7.745414
1085,1115,-7.874860
1085,1115,-7.960502
1084,1116,-8.139353
1084,1116,-8.424448
1084,1116,-8.431687
1083,1117,-8.629530
1083,1117,-8.664743
1083,1117,-8.755148
1083,1117,-8.822211
1083,1117,-8.848708
1082,1118,-9.101295
1082,1118,-9.249498
1082,1118,-9.264364
1082,1118,-9.325689
1081,1119,-9.509837
1081,1119,-9.509609
1081,1119,-9.676600
1081,1119,-9.771736
1081,1119,-9.780572
1081,1119,-9.921603
1081,1119,-9.865172
1081,1119,-9.987167
1080,1120,-10.114828
1080,1120,-10.119755
1080,1120,-10.104512
1080,1120,-10.234235
1080,1120,-10.300342
1080,1120,-10.452850
1080,1120,-10.499901
1079,1121,-10.688969
1079,1121,-10.840407
1079,1121,-10.942248
1078,1122,-11.264521
1078,1122,-11.475973
1077,1123,-11.541720
1077,1123,-11.706278
1077,1123,-11.889269
1077,1123,-11.884645
1076,1124,-12.207411
1076,1124,-12.200317
1076,1124,-12.239081
1075,1125,-12.582788
1075,1125,-12.832012
1074,1126,-13.127727
1074,1126,-13.305865
1073,1127,-13.585050
1073,1127,-13.971354
1073,1127,-13.991605
1073,1127,-13.966396
1072,1128,-14.197166
1072,1128,-14.437673
1072,1128,-14.398573
1072,1128,-14.393035
1071,1129,-14.728693
1071,1129,-14.726107
1071,1129,-14.736712
1071,1129,-14.995028
1071,1129,-14.877388
1070,1130,-15.120758
1070,1130,-15.351326
1069,1131,-15.641617
1069,1131,-15.687985
1069,1131,-15.679263
1069,1131,-15.805656
1069,1131,-15.796405
1069,1131,-15.874008
1068,1132,-16.186832
1067,1133,-16.517921
1067,1133,-16.520670
1067,1133,-16.538387
1067,1133,-16.843191
1066,1134,-17.027384
1067,1133,-16.974012
1066,1134,-17.095613
1066,1134,-17.471390
1065,1135,-17.818428
1065,1135,-17.792515
1065,1135,-17.900255
1064,1136,-18.230474
1063,1137,-18.544653
1063,1137,-18.524004
1064,1136,-18.402138
1063,1137,-18.672138
1063,1137,-18.918690
1062,1138,-19.014149
1063,1137,-18.805210
1063,1137,-18.643064
1063,1137,-18.908520
1062,1138,-19.055250
1063,1137,-18.962360
1062,1138,-19.199984
1063,1137,-18.966362
1062,1138,-19.230803
1062,1138,-19.130028
1062,1138,-19.059710
1062,1138,-19.445183
1062,1138,-19.321882
1061,1139,-19.530231
1062,1138,-19.364866
1061,1139,-19.571869
1061,1139,-19.791086
1061,1139,-19.992224
1061,1139,-19.897362
1061,1139,-19.765890
1061,1139,-19.797256
1060,1140,-20.066101
1060,1140,-20.090450
1060,1140,-20.155619
1060,1140,-20.490332
1059,1141,-20.810635
1059,1141,-20.936853
1059,1141,-20.775457
1059,1141,-20.642723
1059,1141,-20.728388
1059,1141,-20.824001
1059,1141,-20.975445
1058,1142,-21.228510
1057,1143,-21.511904
1058,1142,-21.408468
1057,1143,-21.566856
1057,1143,-21.752596
1057,1143,-21.617887
1057,1143,-21.691042
1057,1143,-21.714006
1057,1143,-21.966434
1057,1143,-21.898756
1056,1144,-22.048574
1056,1144,-22.271780
1056,1144,-22.174025
1056,1144,-22.456310
1055,1145,-22.514954
1056,1144,-22.431498
1056,1144,-22.389462
1056,1144,-22.453270
1055,1145,-22.583822
1055,1145,-22.654036
1055,1145,-22.754816
1055,1145,-22.911362
1054,1146,-23.016865
1055,1145,-22.979460
1055,1145,-22.886236
1054,1146,-23.032408
1054,1146,-23.305685
1053,1147,-23.550013
1052,1148,-24.065523
1052,1148,-24.178707
1052,1148,-24.243708
1052,1148,-24.392883
1051,1149,-24.659187
1051,1149,-24.876406
1051,1149,-24.886684
1050,1150,-25.389465
1050,1150,-25.310282
1050,1150,-25.487152
1049,1151,-25.538429
1049,1151,-25.515030
1049,1151,-25.789661
1049,1151,-25.663750
1049,1151,-25.615526
1049,1151,-25.559389
1049,1151,-25.704264
1049,1151,-25.651670
1049,1151,-25.624672
1049,1151,-25.694109
1049,1151,-25.981163
1048,1152,-26.173552
1048,1152,-26.476173
1047,1153,-26.594164
1047,1153,-26.561342
1047,1153,-26.618357
1048,1152,-26.491163
1047,1153,-26.609600
1047,1153,-26.606386
1047,1153,-26.533230
1047,1153,-26.525616
1047,1153,-26.652334
1047,1153,-26.591263
1047,1153,-26.527851
1047,1153,-26.571194
1047,1153,-26.752298
1047,1153,-26.983286
1046,1154,-27.198586
1046,1154,-27.443800
1045,1155,-27.639071
1046,1154,-27.493223
1046,1154,-27.404976
1046,1154,-27.434086
1046,1154,-27.495195
1045,1155,-27.748053
1044,1156,-28.075523
1044,1156,-28.275267
1044,1156,-28.459410
1043,1157,-28.586073
1043,1157,-28.916660
1042,1158,-29.270164
1042,1158,-29.309986
1042,1158,-29.357826
1042,1158,-29.288679
1042,1158,-29.319456
1042,1158,-29.313087
1042,1158,-29.353827
1041,1159,-29.606087
1041,1159,-29.816742
1040,1160,-30.193411
1039,1161,-30.526703
1039,1161,-30.870285
1038,1162,-31.037836
1038,1162,-31.201019
1038,1162,-31.499846
1037,1163,-31.800957
1037,1163,-31.766321
1037,1163,-31.713120
1037,1163,-31.635641
1037,1163,-31.597948
1037,1163,-31.844776
1037,1163,-31.965071
1036,1164,-32.039749
1036,1164,-32.165863
1036,1164,-32.177921
1036,1164,-32.183186
1036,1164,-32.303822
1035,1165,-32.531372
1035,1165,-32.618336
1035,1165,-32.771484
1035,1165,-32.834450
1034,1166,-33.011768
1034,1166,-33.194504
1034,1166,-33.325699
1034,1166,-33.337387
1034,1166,-33.489937
1033,1167,-33.650551
1033,1167,-33.876736
1032,1168,-34.184525
1032,1168,-34.142185
1032,1168,-34.086124
1032,1168,-34.018139
1032,1168,-34.073109
1032,1168,-34.022552
1032,1168,-34.045853
1032,1168,-34.008713
1032,1168,-34.055332
1032,1168,-34.016571
1033,1167,-33.985390
1032,1168,-34.106052
1032,1168,-34.047428
1032,1168,-34.065403
1033,1167,-33.979359
1032,1168,-34.154984
1032,1168,-34.428730
1031,1169,-34.694916
1031,1169,-34.965031
1030,1170,-35.138214
1030,1170,-35.386536
1029,1171,-35.637466
1029,1171,-35.765285
1028,1172,-36.135902
1028,1172,-36.376663
1028,1172,-36.351849
1027,1173,-36.548279
1027,1173,-36.889706
1027,1173,-36.974621
1027,1173,-36.995861
1027,1173,-36.926109
1027,1173,-36.895317
1027,1173,-36.847725
1027,1173,-36.957706
1027,1173,-36.978535
1026,1174,-37.223614
1026,1174,-37.298676
1026,1174,-37.462997
1025,1175,-37.645771
1025,1175,-37.819405
1024,1176,-38.006840
1024,1176,-38.223640
1023,1177,-38.518368
1023,1177,-38.624187
1023,1177,-38.868763
1022,1178,-39.116871
1022,1178,-39.335369
1022,1178,-39.349915
1021,1179,-39.627163
1021,1179,-39.780651
1021,1179,-39.794613
1021,1179,-39.731709
1021,1179,-39.885479
1020,1180,-40.072029
1020,1180,-40.283272
1020,1180,-40.439426
1020,1180,-40.411102
1019,1181,-40.662479
1019,1181,-40.704762
1019,1181,-40.974342
1018,1182,-41.262852
1018,1182,-41.266457
1017,1183,-41.569950
1018,1182,-41.473083
1017,1183,-41.666195
1017,1183,-41.904369
1017,1183,-41.778595
1017,1183,-41.754997
1017,1183,-41.937946
1017,1183,-41.763016
1017,1183,-41.821404
1016,1184,-42.079185
1016,1184,-42.119987
1016,1184,-42.069763
1016,1184,-42.010689
1017,1183,-41.916664
1016,1184,-42.133747
1016,1184,-42.064419
1016,1184,-42.090088
1016,1184,-42.385899
1015,1185,-42.619583
1015,1185,-42.844395
1014,1186,-43.039173
1014,1186,-43.208080
1014,1186,-43.421658
1013,1187,-43.564232
1013,1187,-43.761395
1013,1187,-43.769825
1013,1187,-43.539978
1014,1186,-43.464272
1014,1186,-43.308273
1014,1186,-43.490211
1013,1187,-43.690262
1013,1187,-43.644142
1014,1186,-43.497311
1013,1187,-43.510319
1014,1186,-43.363541
1014,1186,-43.257870
1014,1186,-43.438076
1013,1187,-43.621304
1013,1187,-43.656116
1013,1187,-43.761734
1013,1187,-43.916866
1013,1187,-43.796452
1013,1187,-43.622448
1013,1187,-43.744175
1013,1187,-43.851112
1013,1187,-43.956398
1013,1187,-43.720219
1014,1186,-43.430252
1014,1186,-43.364960
1014,1186,-43.393002
1014,1186,-43.495266
1013,1187,-43.574570
1014,1186,-43.312744
1014,1186,-43.225151
1014,1186,-43.108250
1015,1185,-42.809612
1016,1184,-42.382889
1016,1184,-42.128979
1016,1184,-42.096741
1017,1183,-41.838619
1017,1183,-41.559540
1018,1182,-41.197094
1018,1182,-41.062489
1019,1181,-40.674706
1020,1180,-40.239773
1021,1179,-39.660526
1022,1178,-39.088802
1023,1177,-38.606701
1024,1176,-38.268291
1025,1175,-37.761185
1026,1174,-37.371220
1027,1173,-36.945328
1027,1173,-36.640938
1028,1172,-36.154663
1029,1171,-35.524216
1030,1170,-35.040520
1032,1168,-34.022392
1033,1167,-33.752716
1035,1165,-32.951878
1036,1164,-32.099815
1038,1162,-31.303991
1040,1160,-30.483009
1041,1159,-29.730707
1042,1158,-29.483412
1043,1157,-28.680687
1044,1156,-28.451246
1044,1156,-28.004438
1046,1154,-27.491077
1047,1153,-26.939209
1047,1153,-26.781342
1047,1153,-26.512283
1048,1152,-26.235315
1049,1151,-25.902475
1049,1151,-25.569630
1050,1150,-25.091637
1052,1148,-24.460741
1053,1147,-23.977861
1053,1147,-23.758270
1053,1147,-23.541012
1054,1146,-23.392353
1054,1146,-23.260483
1055,1145,-22.900541
1056,1144,-22.433954
1056,1144,-22.032616
1057,1143,-21.969299
1057,1143,-21.775717
1058,1142,-21.458323
1059,1141,-20.997488
1059,1141,-20.625687
1060,1140,-20.274973
1061,1139,-19.823511
1061,1139,-19.748016
1061,1139,-19.719978
1062,1138,-19.284763
1062,1138,-19.343262
1062,1138,-19.298985
1063,1137,-18.855034
1064,1136,-18.496731
1064,1136,-18.433363
1064,1136,-18.019674
1065,1135,-17.559233
1066,1134,-17.111992
1066,1134,-17.012896
1067,1133,-16.939178
1067,1133,-16.610361
1068,1132,-16.241829
1068,1132,-16.249210
1069,1131,-15.799321
1070,1130,-15.428383
1071,1129,-14.921294
1071,1129,-14.694584
1071,1129,-14.643343
1072,1128,-14.453825
1072,1128,-14.001933
1073,1127,-13.554245
1074,1126,-13.444979
1074,1126,-13.444264
1074,1126,-13.149679
1075,1125,-12.895772
1075,1125,-12.849460
1075,1125,-12.554718
1076,1124,-12.185026
1077,1123,-11.974000
1077,1123,-11.733248
1078,1122,-11.283566
1078,1122,-11.139376
1079,1121,-10.989180
1079,1121,-10.636863
1080,1120,-10.452826
1080,1120,-10.092710
1081,1119,-9.710893
1081,1119,-9.523046
1082,1118,-9.231523
1083,1117,-8.948937
1083,1117,-8.728907
1084,1116,-8.419097
1084,1116,-8.173768
1085,1115,-7.984570
1085,1115,-7.590671
1085,1115,-7.526080
1086,1114,-7.212260
1088,1112,-6.439173
1088,1112,-6.379296
1088,1112,-6.119366
1089,1111,-5.711506
1089,1111,-5.653527
1089,1111,-5.554332
1090,1110,-5.339159
1090,1110,-5.150735
1091,1109,-4.811957
1091,1109,-4.657454
1091,1109,-4.519367
1092,1108,-4.330737
1092,1108,-4.146547
1093,1107,-3.967337
1093,1107,-3.729617
1094,1106,-3.465550
1094,1106,-3.034803
1094,1106,-3.001787
1095,1105,-2.644506
1095,1105,-2.528480
1096,1104,-2.289922
1096,1104,-2.104117
1097,1103,-1.820837
1097,1103,-1.544454
1098,1102,-1.304173
1098,1102,-1.055205
1099,1101,-0.878651
1099,1101,-0.801451
1099,1101,-0.523613
1100,1100,-0.222433
1100,1100,-0.054378
1100,1100,0.251381
1100,1100,0.335545
1101,1099,0.617217
1101,1099,0.755520
1101,1099,0.942454
1102,1098,1.166728
1102,1098,1.413652
1103,1097,1.571483
1103,1097,1.757562
1103,1097,1.861920
1104,1096,2.065295
1104,1096,2.256324
1104,1096,2.437037
1105,1095,2.581195
1105,1095,2.638534
1105,1095,2.796195
1105,1095,2.937001
1106,1094,3.133528
1106,1094,3.274432
1107,1093,3.553229
1107,1093,3.623193
1107,1093,3.757668
1107,1093,3.902189
1108,1092,4.022620
1108,1092,4.066720
1108,1092,4.201042
1108,1092,4.329640
1108,1092,4.461671
1109,1091,4.519251
1109,1091,4.557711
1109,1091,4.650247
1109,1091,4.796688
1109,1091,4.926554
1109,1091,4.992057
1110,1090,5.066278
1110,1090,5.103008
1110,1090,5.311518
1110,1090,5.396111
1111,1089,5.573932
1111,1089,5.634343
1111,1089,5.828712
1111,1089,5.995678
1112,1088,6.045131
1112,1088,6.295468
1112,1088,6.456992
1113,1087,6.700503
1113,1087,6.876000
1114,1086,7.109457
1114,1086,7.299502
1115,1085,7.538090
1115,1085,7.706171
1115,1085,7.909683
1116,1084,8.044202
1116,1084,8.365558
1116,1084,8.445538
1117,1083,8.572397
1117,1083,8.833015
1118,1082,9.017283
1118,1082,9.223115
1118,1082,9.430160
1119,1081,9.558874
1119,1081,9.797556
1119,1081,9.838111
1120,1080,10.054323
1120,1080,10.255198
1120,1080,10.464273
1121,1079,10.673346
1121,1079,10.811522
1122,1078,11.120183
1122,1078,11.407861
1123,1077,11.730557
1123,1077,11.982508
1124,1076,12.122377
1124,1076,12.351890
1125,1075,12.549726
1125,1075,12.723695
1125,1075,12.933449
1126,1074,13.041852
1126,1074,13.220178
1126,1074,13.413369
1127,1073,13.566255
1127,1073,13.805464
1128,1072,14.067343
1128,1072,14.263226
1128,1072,14.448845
1129,1071,14.643870
1129,1071,14.905440
1130,1070,15.180316
1130,1070,15.418440
1131,1069,15.587687
1131,1069,15.921036
1132,1068,16.169516
1133,1067,16.535803
1133,1067,16.895634
1134,1066,17.075533
1134,1066,17.279139
1135,1065,17.618195
1135,1065,17.897957
1136,1064,18.279022
1137,1063,18.503075
1137,1063,18.742165
1138,1062,19.104572
1138,1062,19.334684
1139,1061,19.679575
1140,1060,20.020388
1140,1060,20.062904
1140,1060,20.236462
1141,1059,20.532480
1141,1059,20.889870
1142,1058,21.148502
1142,1058,21.370226
1143,1057,21.524879
1143,1057,21.748802
1144,1056,22.044214
1144,1056,22.399950
1144,1056,22.477272
1145,1055,22.712187
1146,1054,23.000380
1146,1054,23.231419
1146,1054,23.398333
1147,1053,23.558268
1147,1053,23.841972
1147,1053,23.865519
1148,1052,24.019291
1148,1052,24.150616
1148,1052,24.260273
1148,1052,24.489830
1149,1051,24.711361
1149,1051,24.905260
1150,1050,25.205881
1150,1050,25.256029
1150,1050,25.355705
1150,1050,25.466078
1151,1049,25.743647
1151,1049,25.735165
1151,1049,25.786484
1151,1049,25.866184
1151,1049,25.953796
1151,1049,25.991455
1152,1048,26.106350
1152,1048,26.219961
1152,1048,26.353323
1152,1048,26.400255
1152,1048,26.491207
1153,1047,26.667820
1153,1047,26.812510
1154,1046,27.021095
1154,1046,27.285879
1155,1045,27.540302
1155,1045,27.880762
1156,1044,28.060886
1156,1044,28.256126
1156,1044,28.354038
1157,1043,28.556538
1157,1043,28.748978
1157,1043,28.935976
1158,1042,29.136848
1158,1042,29.425070
1159,1041,29.630709
1159,1041,29.875513
1160,1040,30.115698
1160,1040,30.375225
1161,1039,30.672821
1162,1038,31.025944
1162,1038,31.320532
1163,1037,31.756065
1164,1036,32.026981
1164,1036,32.300350
1165,1035,32.634724
1165,1035,32.969479
1166,1034,33.295456
1166,1034,33.485367
1167,1033,33.722145
1167,1033,33.977543
1168,1032,34.289593
1168,1032,34.497501
1169,1031,34.702019
1169,1031,34.955803
1170,1030,35.258007
1171,1029,35.552387
1171,1029,35.942139
1172,1028,36.119247
1172,1028,36.391827
1173,1027,36.616219
1173,1027,36.920280
1174,1026,37.188232
1174,1026,37.438602
1175,1025,37.817505
1176,1024,38.102791
1176,1024,38.438759
1177,1023,38.723274
1177,1023,38.954212
1178,1022,39.140434
1178,1022,39.350540
1179,1021,39.582596
1179,1021,39.960957
1180,1020,40.071400
1180,1020,40.336761
1180,1020,40.486252
1181,1019,40.650997
1181,1019,40.915184
1182,1018,41.121105
1182,1018,41.318996
1182,1018,41.429142
1183,1017,41.584240
1183,1017,41.690800
1183,1017,41.879349
1183,1017,41.984005
1184,1016,42.056839
1184,1016,42.104225
1184,1016,42.123341
1184,1016,42.129021
1184,1016,42.133175
1184,1016,42.100319
1184,1016,42.088341
1184,1016,42.069221
1183,1017,41.960640
1183,1017,41.924915
1183,1017,41.834503
1183,1017,41.727364
1183,1017,41.616142
1182,1018,41.397873
1182,1018,41.186916
1181,1019,40.967594
1181,1019,40.709202
1180,1020,40.428902
1180,1020,40.211140
1180,1020,40.050251
1179,1021,39.766636
1178,1022,39.326736
1178,1022,39.000553
1177,1023,38.797791
1177,1023,38.565811
1176,1024,38.296032
1176,1024,38.034534
1175,1025,37.690418
1174,1026,37.355648
1173,1027,36.989777
1173,1027,36.731201
1172,1028,36.489643
1172,1028,36.239616
1171,1029,35.968857
1171,1029,35.812653
1171,1029,35.558613
1170,1030,35.248207
1169,1031,34.950294
1169,1031,34.504578
1168,1032,34.242233
1168,1032,34.037640
1167,1033,33.666000
1166,1034,33.327385
1166,1034,33.000824
1165,1035,32.665276
1164,1036,32.361877
1163,1037,31.990023
1163,1037,31.650099
1162,1038,31.252947
1161,1039,30.834827
1160,1040,30.455614
1160,1040,30.042311
1159,1041,29.664021
1158,1042,29.378620
1158,1042,29.054966
1157,1043,28.715672
1156,1044,28.390707
1156,1044,28.061644
1155,1045,27.619524
1154,1046,27.273161
1154,1046,27.027670
1153,1047,26.735739
1152,1048,26.311878
1152,1048,26.008017
1151,1049,25.710165
1150,1050,25.416594
1150,1050,25.203100
1149,1051,24.843102
1149,1051,24.572834
1148,1052,24.167603
1147,1053,23.861692
1147,1053,23.594597
1146,1054,23.195356
1145,1055,22.822897
1145,1055,22.523943
1144,1056,22.166636
1143,1057,21.799276
1143,1057,21.602701
1142,1058,21.315693
1142,1058,21.007025
1141,1059,20.724129
1140,1060,20.424734
1140,1060,20.111914
1139,1061,19.754650
1138,1062,19.402052
1137,1063,18.940502
1137,1063,18.591791
1136,1064,18.281614
1135,1065,17.956217
1135,1065,17.546690
1134,1066,17.173771
1133,1067,16.784821
1133,1067,16.556898
1132,1068,16.294350
1132,1068,16.025888
1131,1069,15.632070
1130,1070,15.342737
1130,1070,15.090714
1129,1071,14.813311
1129,1071,14.500066
1128,1072,14.141192
1127,1073,13.891048
1127,1073,13.611179
1126,1074,13.257973
1125,1075,12.953296
1125,1075,12.716166
1125,1075,12.517472
1124,1076,12.238488
1123,1077,11.954132
1123,1077,11.751889
1122,1078,11.450866
1122,1078,11.085653
1121,1079,10.912976
1121,1079,10.506242
1120,1080,10.345797
1120,1080,10.082733
1119,1081,9.749005
1118,1082,9.467320
1118,1082,9.283309
1118,1082,9.011374
1117,1083,8.847537
1117,1083,8.615785
1116,1084,8.365891
1115,1085,7.906748
1115,1085,7.643687
1115,1085,7.502918
1114,1086,7.257791
1113,1087,6.992737
1113,1087,6.748240
1113,1087,6.601767
1112,1088,6.408653
1112,1088,6.173940
1111,1089,5.984746
1111,1089,5.761848
1111,1089,5.514813
1110,1090,5.323476
1110,1090,5.047880
1109,1091,4.941016
1109,1091,4.642676
1108,1092,4.292480
1107,1093,3.885254
1107,1093,3.500428
1106,1094,3.105433
1105,1095,2.879150
1104,1096,2.484968
1104,1096,2.027266
1103,1097,1.699213
1102,1098,1.275267
1101,1099,0.897205
1101,1099,0.614935
1100,1100,0.346482
1100,1100,0.280664
1100,1100,-0.070916
1100,1100,-0.392420
1099,1101,-0.686851
1099,1101,-0.962981
1098,1102,-1.299525
1097,1103,-1.840340
1096,1104,-2.026322
1096,1104,-2.463794
1095,1105,-2.739163
1095,1105,-2.974665
1094,1106,-3.332512
1093,1107,-3.641765
1093,1107,-3.864573
1092,1108,-4.094374
1092,1108,-4.453009
1091,1109,-4.550653
1091,1109,-4.966860
1090,1110,-5.277058
1090,1110,-5.499128
1089,1111,-5.842402
1088,1112,-6.061259
1088,1112,-6.363947
1087,1113,-6.721618
1086,1114,-7.081201
1085,1115,-7.532889
1085,1115,-7.744214
1084,1116,-8.055010
1084,1116,-8.421353
1083,1117,-8.596073
1083,1117,-8.860059
1082,1118,-9.145221
1082,1118,-9.245008
1081,1119,-9.529431
1081,1119,-9.714420
1081,1119,-9.883856
1080,1120,-10.149653
1079,1121,-10.509798
1079,1121,-10.576154
1079,1121,-10.902343
1078,1122,-11.096004
1078,1122,-11.431414
1077,1123,-11.679526
1076,1124,-12.064054
1076,1124,-12.300544
1076,1124,-12.400052
1075,1125,-12.593777
1075,1125,-12.961076
1074,1126,-13.258528
1073,1127,-13.767499
1072,1128,-14.126107
1072,1128,-14.133130
1072,1128,-14.464795
1071,1129,-14.877841
1070,1130,-15.238727
1069,1131,-15.521905
1068,1132,-16.076759
1068,1132,-16.143557
1068,1132,-16.450727
1067,1133,-16.510521
1067,1133,-16.813543
1066,1134,-17.204994
1065,1135,-17.524361
1065,1135,-17.664253
1065,1135,-17.982655
1063,1137,-18.621475
1063,1137,-18.575314
1063,1137,-18.850260
1062,1138,-19.132189
1062,1138,-19.422882
1062,1138,-19.497551
1061,1139,-19.922482
1060,1140,-20.073231
1060,1140,-20.262033
1060,1140,-20.292938
1059,1141,-20.554432
1059,1141,-20.837383
1058,1142,-21.111832
1058,1142,-21.211191
1058,1142,-21.356762
1057,1143,-21.918358
1056,1144,-22.068592
1056,1144,-22.362501
1055,1145,-22.755646
1054,1146,-23.219219
1053,1147,-23.521435
1053,1147,-23.764875
1052,1148,-24.128494
1051,1149,-24.952589
1050,1150,-25.291550
1049,1151,-25.678270
1049,1151,-25.698545
1049,1151,-25.934702
1048,1152,-26.438503
1047,1153,-26.500870
1047,1153,-26.903112
1046,1154,-27.343472
1046,1154,-27.471605
1044,1156,-28.125340
1044,1156,-28.460365
1043,1157,-28.802542
1041,1159,-29.550516
1041,1159,-29.626198
1041,1159,-29.859509
1039,1161,-30.639599
1037,1163,-31.675892
1037,1163,-31.775133
1036,1164,-32.067371
1036,1164,-32.244701
1035,1165,-32.805538
1035,1165,-32.979282
1034,1166,-33.264900
1034,1166,-33.499413
1033,1167,-33.539238
1032,1168,-34.078911
1032,1168,-34.360783
1031,1169,-34.638672
1030,1170,-35.070866
1030,1170,-35.361828
1029,1171,-35.632244
1029,1171,-35.954449
1028,1172,-36.168194
1027,1173,-36.588127
1027,1173,-36.624306
1027,1173,-36.790752
1027,1173,-36.733574
1027,1173,-36.990635
1026,1174,-37.157867
1026,1174,-37.398270
1025,1175,-37.682156
1025,1175,-37.679790
1025,1175,-37.664124
1025,1175,-37.989300
1024,1176,-38.294624
1023,1177,-38.531841
1023,1177,-38.531948
1023,1177,-38.748783
1022,1178,-39.067665
1022,1178,-39.452518
1021,1179,-39.753395
1021,1179,-39.938915
1021,1179,-39.996891
1020,1180,-40.042152
1020,1180,-40.019920
1020,1180,-40.331062
1019,1181,-40.508530
1019,1181,-40.516254
1019,1181,-40.721817
1019,1181,-40.998760
1018,1182,-41.310555
1018,1182,-41.479797
1017,1183,-41.569168
1018,1182,-41.488991
1018,1182,-41.410908
1018,1182,-41.421474
1018,1182,-41.482044
1017,1183,-41.885067
1016,1184,-42.153614
1016,1184,-42.282104
1016,1184,-42.393475
1016,1184,-42.411804
1016,1184,-42.284168
1016,1184,-42.195034
1016,1184,-42.111774
1016,1184,-42.136345
1016,1184,-42.012035
1016,1184,-42.087845
1016,1184,-42.339691
1016,1184,-42.286747
1016,1184,-42.276737
1016,1184,-42.350063
1016,1184,-42.207153
1016,1184,-42.423786
1016,1184,-42.191200
1016,1184,-42.241852
1016,1184,-42.283096
1016,1184,-42.399105
1016,1184,-42.200630
1016,1184,-42.303471
1016,1184,-42.332275
1016,1184,-42.335896
1016,1184,-42.196804
1017,1183,-41.871216
1018,1182,-41.478363
1018,1182,-41.139668
1019,1181,-40.818249
1019,1181,-40.564617
1020,1180,-40.303436
1021,1179,-39.980648
1021,1179,-39.507271
1022,1178,-39.041370
1023,1177,-38.535122
1024,1176,-38.015057
1026,1174,-37.460484
1027,1173,-36.951641
1028,1172,-36.428616
1028,1172,-36.142796
1028,1172,-36.048111
1029,1171,-35.588314
1030,1170,-35.093102
1031,1169,-34.555237
1032,1168,-34.028027
1034,1166,-33.483547
1035,1165,-32.878002
1036,1164,-32.317982
1037,1163,-31.796953
1038,1162,-31.235617
1039,1161,-30.663420
1040,1160,-30.131546
1041,1159,-29.525501
1042,1158,-29.072775
1043,1157,-28.587301
1044,1156,-28.187820
1045,1155,-27.857241
1045,1155,-27.546749
1046,1154,-27.181381
1047,1153,-26.695602
1048,1152,-26.249794
1049,1151,-25.801666
1050,1150,-25.311405
1051,1149,-24.666601
1052,1148,-24.139353
1053,1147,-23.726587
1054,1146,-23.426968
1054,1146,-23.134953
1055,1145,-22.744173
1056,1144,-22.253609
1057,1143,-21.711853
1058,1142,-21.174969
1059,1141,-20.875675
1059,1141,-20.593048
1060,1140,-20.287169
1061,1139,-19.890759
1062,1138,-19.478258
1062,1138,-19.196453
1062,1138,-19.018896
1063,1137,-18.707138
1064,1136,-18.324825
1065,1135,-17.807096
1066,1134,-17.495205
1066,1134,-17.292900
1067,1133,-16.891834
1068,1132,-16.352497
1068,1132,-16.133331
1069,1131,-15.798621
1070,1130,-15.197075
1071,1129,-14.947820
1071,1129,-14.781299
1072,1128,-14.238653
1073,1127,-13.992582
1073,1127,-13.732610
1074,1126,-13.223667
1075,1125,-12.775739
1076,1124,-12.444846
1076,1124,-12.069514
1077,1123,-11.560423
1078,1122,-11.275175
1078,1122,-11.083100
1079,1121,-10.757404
1080,1120,-10.324334
1080,1120,-10.147650
1081,1119,-9.921157
1081,1119,-9.576400
1082,1118,-9.427951
1082,1118,-9.171499
1082,1118,-9.056931
1083,1117,-8.824510
1083,1117,-8.699278
1083,1117,-8.523086
1084,1116,-8.135581
1085,1115,-7.937302
1085,1115,-7.659602
1086,1114,-7.246131
1087,1113,-6.892368
1087,1113,-6.623657
1088,1112,-6.385335
1088,1112,-6.222868
1089,1111,-5.986032
1089,1111,-5.831659
1090,1110,-5.499610
1090,1110,-5.272284
1090,1110,-5.074648
1091,1109,-4.789231
1091,1109,-4.591694
1092,1108,-4.342018
1092,1108,-4.096599
1093,1107,-3.771946
1094,1106,-3.445889
1094,1106,-3.183230
1095,1105,-2.722039
1096,1104,-2.350842
1096,1104,-2.058448
1097,1103,-1.804034
1098,1102,-1.481421
1098,1102,-1.147484
1099,1101,-0.910558
1099,1101,-0.573864
1100,1100,-0.245368
1100,1100,0.073133
1100,1100,0.379551
1101,1099,0.706359
1102,1098,1.066065
1102,1098,1.390104
1103,1097,1.813375
1104,1096,2.044975
1104,1096,2.458133
1105,1095,2.794400
1106,1094,3.059494
1106,1094,3.278894
1107,1093,3.645026
1108,1092,4.107710
1108,1092,4.455016
1109,1091,4.699422
1109,1091,4.967230
1110,1090,5.445297
1111,1089,5.612326
1111,1089,5.940609
1112,1088,6.303824
1113,1087,6.591219
1113,1087,6.955716
1114,1086,7.342515
1115,1085,7.585162
1115,1085,7.835263
1116,1084,8.294138
1117,1083,8.552275
1117,1083,8.917866
1118,1082,9.281294
1119,1081,9.651481
1119,1081,9.999000
1120,1080,10.361225
1121,1079,10.575329
1121,1079,10.946519
1122,1078,11.285147
1123,1077,11.693710
1124,1076,12.091494
1125,1075,12.541414
1125,1075,12.921489
1126,1074,13.405977
1127,1073,13.823506
1128,1072,14.293506
1129,1071,14.552163
1130,1070,15.015862
1130,1070,15.364969
1131,1069,15.716064
1131,1069,15.914639
1132,1068,16.148506
1132,1068,16.430819
1133,1067,16.703106
1133,1067,16.926138
1134,1066,17.295948
1135,1065,17.568190
1135,1065,17.847357
1136,1064,18.193094
1136,1064,18.477600
1137,1063,18.746103
1138,1062,19.039610
1138,1062,19.323666
1139,1061,19.547247
1139,1061,19.831944
1139,1061,19.927237
1140,1060,20.109116
1140,1060,20.340706
1141,1059,20.565947
1141,1059,20.853296
1142,1058,21.023188
1142,1058,21.213726
1142,1058,21.358885
1142,1058,21.497513
1143,1057,21.658815
1143,1057,21.883926
1143,1057,21.921038
1144,1056,22.113434
1144,1056,22.278717
1145,1055,22.567089
1145,1055,22.736906
1145,1055,22.831978
1145,1055,22.926445
1146,1054,23.071213
1146,1054,23.159563
1146,1054,23.276686
1146,1054,23.464769
1147,1053,23.527428
1147,1053,23.699812
1147,1053,23.917156
1148,1052,24.085794
1148,1052,24.225554
1148,1052,24.412146
1148,1052,24.431248
1149,1051,24.533953
1149,1051,24.610634
1149,1051,24.803131
1149,1051,24.986692
1150,1050,25.204088
1150,1050,25.416759
1151,1049,25.649723
1151,1049,25.705870
1151,1049,25.825808
1151,1049,25.920280
1152,1048,26.131041
1152,1048,26.274807
1152,1048,26.478096
1153,1047,26.706413
1153,1047,26.954441
1153,1047,26.990793
1154,1046,27.290571
1154,1046,27.481798
1155,1045,27.567389
1155,1045,27.705370
1155,1045,27.895208
1156,1044,28.062574
1156,1044,28.193918
1156,1044,28.383381
1156,1044,28.480942
1157,1043,28.704756
1157,1043,28.768229
1157,1043,28.904564
1158,1042,29.015501
1158,1042,29.131575
1158,1042,29.363686
1158,1042,29.496269
1159,1041,29.725574
1159,1041,29.898727
1160,1040,30.028021
1160,1040,30.179674
1160,1040,30.297375
1160,1040,30.474106
1160,1040,30.490856
1161,1039,30.535280
1161,1039,30.577644
1161,1039,30.595228
1161,1039,30.560663
1161,1039,30.589323
1161,1039,30.607676
1161,1039,30.641571
1161,1039,30.612980
1161,1039,30.551689
1160,1040,30.437218
1160,1040,30.362787
1160,1040,30.213102
1160,1040,30.107161
1160,1040,30.021837
1159,1041,29.869396
1159,1041,29.753466
1159,1041,29.544575
1158,1042,29.329424
1158,1042,29.072672
1157,1043,28.938953
1157,1043,28.592295
1156,1044,28.402920
1156,1044,28.159071
1155,1045,27.758726
1155,1045,27.536604
1154,1046,27.176685
1153,1047,26.723297
1152,1048,26.333019
1152,1048,26.126680
1151,1049,25.830738
1151,1049,25.534306
1150,1050,25.115757
1149,1051,24.690006
1148,1052,24.498241
1148,1052,24.270090
1148,1052,24.019278
1147,1053,23.763477
1146,1054,23.417423
1146,1054,23.066132
1145,1055,22.790874
1145,1055,22.520733
1144,1056,22.269712
1143,1057,21.829350
1143,1057,21.669508
1142,1058,21.286942
1141,1059,20.826572
1140,1060,20.386345
1140,1060,20.006939
1139,1061,19.654358
1138,1062,19.287514
1137,1063,18.908804
1137,1063,18.632313
1136,1064,18.262764
1135,1065,17.982897
1135,1065,17.694815
1134,1066,17.340776
1133,1067,16.783173
1133,1067,16.577511
1132,1068,16.277365
1131,1069,15.784646
1130,1070,15.385868
1130,1070,15.074970
1129,1071,14.675251
1128,1072,14.271944
1127,1073,13.762778
1126,1074,13.455504
1126,1074,13.134413
1125,1075,12.924497
1125,1075,12.574696
1124,1076,12.095844
1123,1077,11.907375
1123,1077,11.620321
1122,1078,11.415065
1122,1078,11.243745
1122,1078,11.040446
1121,1079,10.744663
1121,1079,10.641865
1120,1080,10.447896
1120,1080,10.265391
1120,1080,10.038927
1119,1081,9.927979
1119,1081,9.801335
1119,1081,9.572346
1119,1081,9.527167
1118,1082,9.346400
1118,1082,9.232218
1118,1082,9.022361
1117,1083,8.843406
1117,1083,8.646099
1117,1083,8.508126
1116,1084,8.404782
1116,1084,8.119958
1115,1085,7.882592
1115,1085,7.769481
1115,1085,7.556133
1114,1086,7.335022
1114,1086,7.119827
1113,1087,6.904928
1113,1087,6.761419
1113,1087,6.569030
1112,1088,6.398282
1112,1088,6.290154
1112,1088,6.130754
1111,1089,5.981535
1111,1089,5.822079
1111,1089,5.667006
1111,1089,5.578450
1110,1090,5.465115
1110,1090,5.450892
1110,1090,5.329004
1110,1090,5.301638
1110,1090,5.249435
1110,1090,5.363666
1110,1090,5.321470
1110,1090,5.418419
1110,1090,5.388615
1110,1090,5.414608
1110,1090,5.384720
1110,1090,5.383118
1110,1090,5.436520
1110,1090,5.394102
1110,1090,5.199928
1110,1090,5.024285
1109,1091,4.878034
1109,1091,4.775892
1108,1092,4.438869
1108,1092,4.260282
1108,1092,4.050416
1107,1093,3.994592
1107,1093,3.786711
1107,1093,3.617860
1106,1094,3.414001
1106,1094,3.188716
1106,1094,3.084618
1105,1095,2.874599
1105,1095,2.679566
1105,1095,2.506284
1104,1096,2.442945
1104,1096,2.326452
1104,1096,2.121059
1103,1097,1.961261
1103,1097,1.722760
1103,1097,1.633980
1102,1098,1.388513
1102,1098,1.097295
1101,1099,0.881677
1101,1099,0.646914
1100,1100,0.391267
1100,1100,0.152096
1100,1100,0.022112
1100,1100,-0.144190
1100,1100,-0.189023
1100,1100,-0.128425
1100,1100,-0.133817
1100,1100,-0.105734
1100,1100,0.000244
1100,1100,0.040322
1100,1100,0.045437
1100,1100,-0.003847
1100,1100,-0.059040
1100,1100,-0.055884
1100,1100,-0.082004
1100,1100,-0.210392
1100,1100,-0.258464
1100,1100,-0.244453
1100,1100,-0.238955
1100,1100,-0.265979
1100,1100,-0.229051
1100,1100,-0.172577
1100,1100,-0.128600
1100,1100,-0.151460
1100,1100,-0.171916
1100,1100,-0.222971
1100,1100,-0.223190
1100,1100,-0.245742
1100,1100,-0.265321
1100,1100,-0.228633
1100,1100,-0.203868
1100,1100,-0.145409
1100,1100,-0.160581
1100,1100,-0.114412
1100,1100,-0.109855
1100,1100,-0.084818
1100,1100,-0.055992
1100,1100,-0.068759
1100,1100,-0.036159
1100,1100,-0.040743
1100,1100,-0.001287
1100,1100,0.038306
1100,1100,-0.008748
1100,1100,0.007460
1100,1100,0.054083
1100,1100,-0.008692
1100,1100,0.008797
1100,1100,-0.035763
1100,1100,0.021932
1100,1100,0.007225
1100,1100,-0.003146
1100,1100,-0.053711
1100,1100,-0.023166
1100,1100,0.000821
1100,1100,0.027584
1100,1100,0.060012
1100,1100,0.066523
1100,1100,0.033047
1100,1100,0.023007
1100,1100,0.042178
1100,1100,0.040098
1100,1100,0.040615
1100,1100,0.047180
1100,1100,0.065619
1100,1100,0.032578
1100,1100,0.036260
1100,1100,0.055507
1100,1100,0.084315
1100,1100,0.055024
1100,1100,0.101376
1100,1100,0.056793
1100,1100,0.009856
1100,1100,0.047402
1100,1100,0.022398
1100,1100,0.025886
1100,1100,0.008387
1100,1100,0.007881
1100,1100,0.011809
1100,1100,0.056189
1100,1100,-0.017491
1100,1100,-0.017660
1100,1100,0.007504
1100,1100,0.089423
1100,1100,0.055747
1100,1100,0.072216
1100,1100,0.092479
1100,1100,0.098007
1100,1100,0.156593
1100,1100,0.138548
1100,1100,0.204227
1100,1100,0.166416
1100,1100,0.232650
1100,1100,0.268022
1100,1100,0.316440
1100,1100,0.273172
1100,1100,0.287654
1100,1100,0.295896
1100,1100,0.264935
1100,1100,0.333875
1100,1100,0.345824
1100,1100,0.350193
1100,1100,0.401144
1100,1100,0.417656
1100,1100,0.387458
1100,1100,0.488823
1100,1100,0.465544
1100,1100,0.486243
1100,1100,0.494456
1101,1099,0.509489
1101,1099,0.536727
1101,1099,0.500246
1101,1099,0.537796
1101,1099,0.545407
1101,1099,0.543359
1101,1099,0.581244
1101,1099,0.543028
1101,1099,0.616798
1101,1099,0.555022
1101,1099,0.548425
1101,1099,0.560171
1101,1099,0.595748
1101,1099,0.564788
1101,1099,0.550734
1101,1099,0.564010
1101,1099,0.531873
1101,1099,0.580272
1101,1099,0.523028
1101,1099,0.560655
1101,1099,0.513789
1100,1100,0.493017
1100,1100,0.486007
1100,1100,0.468769
1101,1099,0.501368
1100,1100,0.428036
1100,1100,0.450263
1100,1100,0.402391
1100,1100,0.373011
1100,1100,0.445114
1100,1100,0.431761
1100,1100,0.412359
1100,1100,0.378769
1100,1100,0.404772
1100,1100,0.407771
1100,1100,0.402991
1100,1100,0.420776
1100,1100,0.430798
1100,1100,0.447143
1100,1100,0.450112
1100,1100,0.438586
1100,1100,0.395468
1100,1100,0.378831
1100,1100,0.322281
1100,1100,0.378748
1100,1100,0.341981
1100,1100,0.284146
1100,1100,0.283642
1100,1100,0.245895
1100,1100,0.216789
1100,1100,0.230038
1100,1100,0.288065
1100,1100,0.233329
1100,1100,0.239782
1100,1100,0.275241
1100,1100,0.211312
1100,1100,0.185860
1100,1100,0.092583
1100,1100,0.057384
1100,1100,0.071493
1100,1100,0.060706
1100,1100,0.087400
1100,1100,0.073357
1100,1100,0.073894
1100,1100,0.028456
1100,1100,0.070452
1100,1100,0.113196
1100,1100,0.089945
1100,1100,0.081586
1100,1100,0.083160
1100,1100,0.107949
1100,1100,0.097973
1100,1100,0.098046
1100,1100,0.096550
1100,1100,0.109785
1100,1100,0.144926
1100,1100,0.105675
1100,1100,0.053512
1100,1100,0.035196
1100,1100,0.020087
1100,1100,-0.000670
1100,1100,-0.009881
1100,1100,0.032513
1100,1100,0.041793
1100,1100,0.061909
1100,1100,0.022982
1100,1100,0.063241
1100,1100,0.046336
1100,1100,0.051383
1100,1100,0.091951
1100,1100,0.054129
1100,1100,0.069087
1100,1100,0.054854
1100,1100,0.088947
1100,1100,0.054487
